DATE,VISITOR,VISITOR_PTS,HOME,HOME_PTS
2021-10-19,Brooklyn Nets,104.0,Milwaukee Bucks,127.0
2021-10-19,Golden State Warriors,121.0,Los Angeles Lakers,114.0
2021-10-20,Indiana Pacers,122.0,Charlotte Hornets,123.0
2021-10-20,Chicago Bulls,94.0,Detroit Pistons,88.0
2021-10-20,Boston Celtics,134.0,New York Knicks,138.0
2021-10-20,Washington Wizards,98.0,Toronto Raptors,83.0
2021-10-20,Cleveland Cavaliers,121.0,Memphis Grizzlies,132.0
2021-10-20,Houston Rockets,106.0,Minnesota Timberwolves,124.0
2021-10-20,Philadelphia 76ers,117.0,New Orleans Pelicans,97.0
2021-10-20,Orlando Magic,97.0,San Antonio Spurs,123.0
2021-10-20,Oklahoma City Thunder,86.0,Utah Jazz,107.0
2021-10-20,Sacramento Kings,124.0,Portland Trail Blazers,121.0
2021-10-20,Denver Nuggets,110.0,Phoenix Suns,98.0
2021-10-21,Dallas Mavericks,87.0,Atlanta Hawks,113.0
2021-10-21,Milwaukee Bucks,95.0,Miami Heat,137.0
2021-10-21,Los Angeles Clippers,113.0,Golden State Warriors,115.0
2021-10-22,New York Knicks,121.0,Orlando Magic,96.0
2021-10-22,Indiana Pacers,134.0,Washington Wizards,135.0
2021-10-22,Charlotte Hornets,123.0,Cleveland Cavaliers,112.0
2021-10-22,Toronto Raptors,115.0,Boston Celtics,83.0
2021-10-22,Brooklyn Nets,114.0,Philadelphia 76ers,109.0
2021-10-22,Oklahoma City Thunder,91.0,Houston Rockets,124.0
2021-10-22,New Orleans Pelicans,112.0,Chicago Bulls,128.0
2021-10-22,San Antonio Spurs,96.0,Denver Nuggets,102.0
2021-10-22,Phoenix Suns,115.0,Los Angeles Lakers,105.0
2021-10-22,Utah Jazz,110.0,Sacramento Kings,101.0
2021-10-23,Atlanta Hawks,95.0,Cleveland Cavaliers,101.0
2021-10-23,Miami Heat,91.0,Indiana Pacers,102.0
2021-10-23,Dallas Mavericks,103.0,Toronto Raptors,95.0
2021-10-23,Detroit Pistons,82.0,Chicago Bulls,97.0
2021-10-23,New Orleans Pelicans,89.0,Minnesota Timberwolves,96.0
2021-10-23,Milwaukee Bucks,121.0,San Antonio Spurs,111.0
2021-10-23,Phoenix Suns,105.0,Portland Trail Blazers,134.0
2021-10-23,Memphis Grizzlies,120.0,Los Angeles Clippers,114.0
2021-10-24,Charlotte Hornets,111.0,Brooklyn Nets,95.0
2021-10-24,Boston Celtics,107.0,Houston Rockets,97.0
2021-10-24,Orlando Magic,110.0,New York Knicks,104.0
2021-10-24,Philadelphia 76ers,115.0,Oklahoma City Thunder,103.0
2021-10-24,Golden State Warriors,119.0,Sacramento Kings,107.0
2021-10-24,Memphis Grizzlies,118.0,Los Angeles Lakers,121.0
2021-10-25,Boston Celtics,140.0,Charlotte Hornets,129.0
2021-10-25,Milwaukee Bucks,119.0,Indiana Pacers,109.0
2021-10-25,Chicago Bulls,111.0,Toronto Raptors,108.0
2021-10-25,Orlando Magic,90.0,Miami Heat,107.0
2021-10-25,Washington Wizards,90.0,Brooklyn Nets,104.0
2021-10-25,Detroit Pistons,104.0,Atlanta Hawks,122.0
2021-10-25,New Orleans Pelicans,107.0,Minnesota Timberwolves,98.0
2021-10-25,Cleveland Cavaliers,99.0,Denver Nuggets,87.0
2021-10-25,Portland Trail Blazers,86.0,Los Angeles Clippers,116.0
2021-10-26,Philadelphia 76ers,99.0,New York Knicks,112.0
2021-10-26,Golden State Warriors,106.0,Oklahoma City Thunder,98.0
2021-10-26,Los Angeles Lakers,125.0,San Antonio Spurs,121.0
2021-10-26,Houston Rockets,106.0,Dallas Mavericks,116.0
2021-10-26,Denver Nuggets,110.0,Utah Jazz,122.0
2021-10-27,Charlotte Hornets,120.0,Orlando Magic,111.0
2021-10-27,Washington Wizards,116.0,Boston Celtics,107.0
2021-10-27,Miami Heat,106.0,Brooklyn Nets,93.0
2021-10-27,Indiana Pacers,100.0,Toronto Raptors,118.0
2021-10-27,Atlanta Hawks,102.0,New Orleans Pelicans,99.0
2021-10-27,Minnesota Timberwolves,113.0,Milwaukee Bucks,108.0
2021-10-27,Los Angeles Lakers,115.0,Oklahoma City Thunder,123.0
2021-10-27,Sacramento Kings,110.0,Phoenix Suns,107.0
2021-10-27,Memphis Grizzlies,96.0,Portland Trail Blazers,116.0
2021-10-27,Cleveland Cavaliers,92.0,Los Angeles Clippers,79.0
2021-10-28,Atlanta Hawks,111.0,Washington Wizards,122.0
2021-10-28,Detroit Pistons,102.0,Philadelphia 76ers,110.0
2021-10-28,Utah Jazz,122.0,Houston Rockets,91.0
2021-10-28,New York Knicks,104.0,Chicago Bulls,103.0
2021-10-28,San Antonio Spurs,99.0,Dallas Mavericks,104.0
2021-10-28,Memphis Grizzlies,104.0,Golden State Warriors,101.0
2021-10-29,Orlando Magic,109.0,Toronto Raptors,110.0
2021-10-29,Charlotte Hornets,99.0,Miami Heat,114.0
2021-10-29,Indiana Pacers,98.0,Brooklyn Nets,105.0
2021-10-29,Sacramento Kings,113.0,New Orleans Pelicans,109.0
2021-10-29,Dallas Mavericks,75.0,Denver Nuggets,106.0
2021-10-29,Los Angeles Clippers,92.0,Portland Trail Blazers,111.0
2021-10-29,Cleveland Cavaliers,101.0,Los Angeles Lakers,113.0
2021-10-30,Boston Celtics,112.0,Washington Wizards,115.0
2021-10-30,Orlando Magic,103.0,Detroit Pistons,110.0
2021-10-30,New York Knicks,123.0,New Orleans Pelicans,117.0
2021-10-30,Toronto Raptors,97.0,Indiana Pacers,94.0
2021-10-30,Atlanta Hawks,94.0,Philadelphia 76ers,122.0
2021-10-30,Utah Jazz,99.0,Chicago Bulls,107.0
2021-10-30,Miami Heat,129.0,Memphis Grizzlies,103.0
2021-10-30,San Antonio Spurs,102.0,Milwaukee Bucks,93.0
2021-10-30,Oklahoma City Thunder,82.0,Golden State Warriors,103.0
2021-10-30,Denver Nuggets,93.0,Minnesota Timberwolves,91.0
2021-10-30,Cleveland Cavaliers,92.0,Phoenix Suns,101.0
2021-10-31,Sacramento Kings,99.0,Dallas Mavericks,105.0
2021-10-31,Portland Trail Blazers,113.0,Charlotte Hornets,125.0
2021-10-31,Utah Jazz,107.0,Milwaukee Bucks,95.0
2021-10-31,Detroit Pistons,91.0,Brooklyn Nets,117.0
2021-10-31,Houston Rockets,85.0,Los Angeles Lakers,95.0
2021-11-01,Cleveland Cavaliers,113.0,Charlotte Hornets,110.0
2021-11-01,San Antonio Spurs,118.0,Indiana Pacers,131.0
2021-11-01,Portland Trail Blazers,103.0,Philadelphia 76ers,113.0
2021-11-01,Washington Wizards,111.0,Atlanta Hawks,118.0
2021-11-01,Chicago Bulls,128.0,Boston Celtics,114.0
2021-11-01,Toronto Raptors,113.0,New York Knicks,104.0
2021-11-01,Denver Nuggets,97.0,Memphis Grizzlies,106.0
2021-11-01,Orlando Magic,115.0,Minnesota Timberwolves,97.0
2021-11-01,Oklahoma City Thunder,94.0,Los Angeles Clippers,99.0
2021-11-02,Milwaukee Bucks,117.0,Detroit Pistons,89.0
2021-11-02,Miami Heat,125.0,Dallas Mavericks,110.0
2021-11-02,Sacramento Kings,113.0,Utah Jazz,119.0
2021-11-02,New Orleans Pelicans,100.0,Phoenix Suns,112.0
2021-11-02,Houston Rockets,117.0,Los Angeles Lakers,119.0
2021-11-03,Portland Trail Blazers,104.0,Cleveland Cavaliers,107.0
2021-11-03,New York Knicks,98.0,Indiana Pacers,111.0
2021-11-03,Boston Celtics,92.0,Orlando Magic,79.0
2021-11-03,Chicago Bulls,98.0,Philadelphia 76ers,103.0
2021-11-03,Toronto Raptors,109.0,Washington Wizards,100.0
2021-11-03,Atlanta Hawks,108.0,Brooklyn Nets,117.0
2021-11-03,Denver Nuggets,106.0,Memphis Grizzlies,108.0
2021-11-03,Los Angeles Clippers,126.0,Minnesota Timberwolves,115.0
2021-11-03,Dallas Mavericks,109.0,San Antonio Spurs,108.0
2021-11-03,Charlotte Hornets,92.0,Golden State Warriors,114.0
2021-11-03,New Orleans Pelicans,99.0,Sacramento Kings,112.0
2021-11-04,Philadelphia 76ers,109.0,Detroit Pistons,98.0
2021-11-04,Utah Jazz,116.0,Atlanta Hawks,98.0
2021-11-04,Boston Celtics,95.0,Miami Heat,78.0
2021-11-04,Houston Rockets,111.0,Phoenix Suns,123.0
2021-11-04,Oklahoma City Thunder,107.0,Los Angeles Lakers,104.0
2021-11-05,Brooklyn Nets,96.0,Detroit Pistons,90.0
2021-11-05,San Antonio Spurs,102.0,Orlando Magic,89.0
2021-11-05,Memphis Grizzlies,87.0,Washington Wizards,115.0
2021-11-05,New York Knicks,113.0,Milwaukee Bucks,98.0
2021-11-05,Cleveland Cavaliers,102.0,Toronto Raptors,101.0
2021-11-05,Los Angeles Clippers,104.0,Minnesota Timberwolves,84.0
2021-11-05,New Orleans Pelicans,85.0,Golden State Warriors,126.0
2021-11-05,Indiana Pacers,106.0,Portland Trail Blazers,110.0
2021-11-05,Charlotte Hornets,110.0,Sacramento Kings,140.0
2021-11-06,Houston Rockets,94.0,Denver Nuggets,95.0
2021-11-06,Utah Jazz,115.0,Miami Heat,118.0
2021-11-06,Philadelphia 76ers,114.0,Chicago Bulls,105.0
2021-11-06,Boston Celtics,104.0,Dallas Mavericks,107.0
2021-11-06,Atlanta Hawks,117.0,Phoenix Suns,121.0
2021-11-06,Los Angeles Lakers,90.0,Portland Trail Blazers,105.0
2021-11-07,Brooklyn Nets,116.0,Toronto Raptors,103.0
2021-11-07,Cleveland Cavaliers,126.0,New York Knicks,109.0
2021-11-07,Utah Jazz,100.0,Orlando Magic,107.0
2021-11-07,Indiana Pacers,94.0,Sacramento Kings,91.0
2021-11-07,Milwaukee Bucks,94.0,Washington Wizards,101.0
2021-11-07,San Antonio Spurs,94.0,Oklahoma City Thunder,99.0
2021-11-07,Houston Rockets,107.0,Golden State Warriors,120.0
2021-11-07,Charlotte Hornets,106.0,Los Angeles Clippers,120.0
2021-11-08,New York Knicks,103.0,Philadelphia 76ers,96.0
2021-11-08,Brooklyn Nets,95.0,Chicago Bulls,118.0
2021-11-08,Minnesota Timberwolves,118.0,Memphis Grizzlies,125.0
2021-11-08,New Orleans Pelicans,92.0,Dallas Mavericks,108.0
2021-11-08,Miami Heat,96.0,Denver Nuggets,113.0
2021-11-08,Atlanta Hawks,113.0,Golden State Warriors,127.0
2021-11-08,Phoenix Suns,109.0,Sacramento Kings,104.0
2021-11-08,Charlotte Hornets,123.0,Los Angeles Lakers,126.0
2021-11-09,Milwaukee Bucks,118.0,Philadelphia 76ers,109.0
2021-11-09,Atlanta Hawks,98.0,Utah Jazz,110.0
2021-11-09,Portland Trail Blazers,109.0,Los Angeles Clippers,117.0
2021-11-10,Washington Wizards,97.0,Cleveland Cavaliers,94.0
2021-11-10,Brooklyn Nets,123.0,Orlando Magic,90.0
2021-11-10,Toronto Raptors,88.0,Boston Celtics,104.0
2021-11-10,Detroit Pistons,112.0,Houston Rockets,104.0
2021-11-10,Milwaukee Bucks,112.0,New York Knicks,100.0
2021-11-10,Dallas Mavericks,107.0,Chicago Bulls,117.0
2021-11-10,Charlotte Hornets,118.0,Memphis Grizzlies,108.0
2021-11-10,Oklahoma City Thunder,108.0,New Orleans Pelicans,100.0
2021-11-10,Sacramento Kings,117.0,San Antonio Spurs,136.0
2021-11-10,Indiana Pacers,98.0,Denver Nuggets,101.0
2021-11-10,Portland Trail Blazers,109.0,Phoenix Suns,119.0
2021-11-10,Minnesota Timberwolves,110.0,Golden State Warriors,123.0
2021-11-10,Miami Heat,117.0,Los Angeles Lakers,120.0
2021-11-11,Toronto Raptors,115.0,Philadelphia 76ers,109.0
2021-11-11,Indiana Pacers,111.0,Utah Jazz,100.0
2021-11-11,Miami Heat,109.0,Los Angeles Clippers,112.0
2021-11-12,New York Knicks,96.0,Charlotte Hornets,104.0
2021-11-12,Milwaukee Bucks,113.0,Boston Celtics,122.0
2021-11-12,Detroit Pistons,78.0,Cleveland Cavaliers,98.0
2021-11-12,Portland Trail Blazers,104.0,Houston Rockets,92.0
2021-11-12,Phoenix Suns,119.0,Memphis Grizzlies,94.0
2021-11-12,Brooklyn Nets,120.0,New Orleans Pelicans,112.0
2021-11-12,Sacramento Kings,103.0,Oklahoma City Thunder,105.0
2021-11-12,Dallas Mavericks,123.0,San Antonio Spurs,109.0
2021-11-12,Atlanta Hawks,96.0,Denver Nuggets,105.0
2021-11-12,Chicago Bulls,93.0,Golden State Warriors,119.0
2021-11-12,Minnesota Timberwolves,107.0,Los Angeles Lakers,83.0
2021-11-13,Miami Heat,111.0,Utah Jazz,105.0
2021-11-13,Philadelphia 76ers,113.0,Indiana Pacers,118.0
2021-11-13,Memphis Grizzlies,101.0,New Orleans Pelicans,112.0
2021-11-13,Washington Wizards,104.0,Orlando Magic,92.0
2021-11-13,Detroit Pistons,127.0,Toronto Raptors,121.0
2021-11-13,Boston Celtics,89.0,Cleveland Cavaliers,91.0
2021-11-13,Minnesota Timberwolves,102.0,Los Angeles Clippers,129.0
2021-11-14,San Antonio Spurs,106.0,Los Angeles Lakers,114.0
2021-11-14,Milwaukee Bucks,100.0,Atlanta Hawks,120.0
2021-11-14,Golden State Warriors,102.0,Charlotte Hornets,106.0
2021-11-14,Phoenix Suns,115.0,Houston Rockets,89.0
2021-11-14,Brooklyn Nets,120.0,Oklahoma City Thunder,96.0
2021-11-14,Portland Trail Blazers,95.0,Denver Nuggets,124.0
2021-11-14,Chicago Bulls,100.0,Los Angeles Clippers,90.0
2021-11-15,Boston Celtics,98.0,Cleveland Cavaliers,92.0
2021-11-15,Sacramento Kings,129.0,Detroit Pistons,107.0
2021-11-15,New Orleans Pelicans,100.0,Washington Wizards,105.0
2021-11-15,Orlando Magic,111.0,Atlanta Hawks,129.0
2021-11-15,Indiana Pacers,84.0,New York Knicks,92.0
2021-11-15,Denver Nuggets,101.0,Dallas Mavericks,111.0
2021-11-15,Houston Rockets,102.0,Memphis Grizzlies,136.0
2021-11-15,Phoenix Suns,99.0,Minnesota Timberwolves,96.0
2021-11-15,Miami Heat,103.0,Oklahoma City Thunder,90.0
2021-11-15,Toronto Raptors,113.0,Portland Trail Blazers,118.0
2021-11-15,Chicago Bulls,121.0,Los Angeles Lakers,103.0
2021-11-16,Golden State Warriors,117.0,Brooklyn Nets,99.0
2021-11-16,Philadelphia 76ers,85.0,Utah Jazz,120.0
2021-11-16,San Antonio Spurs,92.0,Los Angeles Clippers,106.0
2021-11-17,Washington Wizards,87.0,Charlotte Hornets,97.0
2021-11-17,Indiana Pacers,89.0,Detroit Pistons,97.0
2021-11-17,Boston Celtics,99.0,Atlanta Hawks,110.0
2021-11-17,Cleveland Cavaliers,99.0,Brooklyn Nets,109.0
2021-11-17,New Orleans Pelicans,98.0,Miami Heat,113.0
2021-11-17,Los Angeles Lakers,102.0,Milwaukee Bucks,109.0
2021-11-17,Orlando Magic,104.0,New York Knicks,98.0
2021-11-17,Sacramento Kings,97.0,Minnesota Timberwolves,107.0
2021-11-17,Houston Rockets,89.0,Oklahoma City Thunder,101.0
2021-11-17,Dallas Mavericks,98.0,Phoenix Suns,105.0
2021-11-17,Chicago Bulls,107.0,Portland Trail Blazers,112.0
2021-11-18,Golden State Warriors,104.0,Cleveland Cavaliers,89.0
2021-11-18,Washington Wizards,97.0,Miami Heat,112.0
2021-11-18,Los Angeles Clippers,108.0,Memphis Grizzlies,120.0
2021-11-18,San Antonio Spurs,90.0,Minnesota Timberwolves,115.0
2021-11-18,Philadelphia 76ers,103.0,Denver Nuggets,89.0
2021-11-18,Toronto Raptors,103.0,Utah Jazz,119.0
2021-11-19,Indiana Pacers,118.0,Charlotte Hornets,121.0
2021-11-19,Golden State Warriors,105.0,Detroit Pistons,102.0
2021-11-19,Los Angeles Lakers,108.0,Boston Celtics,130.0
2021-11-19,Orlando Magic,113.0,Brooklyn Nets,115.0
2021-11-19,Oklahoma City Thunder,89.0,Milwaukee Bucks,96.0
2021-11-19,Los Angeles Clippers,81.0,New Orleans Pelicans,94.0
2021-11-19,Chicago Bulls,114.0,Denver Nuggets,108.0
2021-11-19,Dallas Mavericks,104.0,Phoenix Suns,112.0
2021-11-19,Toronto Raptors,108.0,Sacramento Kings,89.0
2021-11-20,Houston Rockets,99.0,New York Knicks,106.0
2021-11-20,New Orleans Pelicans,94.0,Indiana Pacers,111.0
2021-11-20,Miami Heat,100.0,Washington Wizards,103.0
2021-11-20,Charlotte Hornets,105.0,Atlanta Hawks,115.0
2021-11-20,Oklahoma City Thunder,105.0,Boston Celtics,111.0
2021-11-20,Orlando Magic,108.0,Milwaukee Bucks,117.0
2021-11-20,Memphis Grizzlies,95.0,Minnesota Timberwolves,138.0
2021-11-20,Philadelphia 76ers,111.0,Portland Trail Blazers,118.0
2021-11-20,Utah Jazz,123.0,Sacramento Kings,105.0
2021-11-21,Dallas Mavericks,91.0,Los Angeles Clippers,97.0
2021-11-21,Los Angeles Lakers,121.0,Detroit Pistons,116.0
2021-11-21,New York Knicks,103.0,Chicago Bulls,109.0
2021-11-21,Denver Nuggets,97.0,Phoenix Suns,126.0
2021-11-21,Toronto Raptors,104.0,Golden State Warriors,119.0
2021-11-22,Brooklyn Nets,117.0,Cleveland Cavaliers,112.0
2021-11-22,Charlotte Hornets,109.0,Washington Wizards,103.0
2021-11-22,Oklahoma City Thunder,101.0,Atlanta Hawks,113.0
2021-11-22,Houston Rockets,90.0,Boston Celtics,108.0
2021-11-22,Indiana Pacers,109.0,Chicago Bulls,77.0
2021-11-22,Orlando Magic,92.0,Milwaukee Bucks,123.0
2021-11-22,Minnesota Timberwolves,110.0,New Orleans Pelicans,96.0
2021-11-22,Phoenix Suns,115.0,San Antonio Spurs,111.0
2021-11-22,Memphis Grizzlies,119.0,Utah Jazz,118.0
2021-11-22,Philadelphia 76ers,102.0,Sacramento Kings,94.0
2021-11-23,Miami Heat,100.0,Detroit Pistons,92.0
2021-11-23,Los Angeles Lakers,100.0,New York Knicks,106.0
2021-11-23,Denver Nuggets,100.0,Portland Trail Blazers,119.0
2021-11-23,Dallas Mavericks,112.0,Los Angeles Clippers,104.0
2021-11-24,Phoenix Suns,120.0,Cleveland Cavaliers,115.0
2021-11-24,Los Angeles Lakers,124.0,Indiana Pacers,116.0
2021-11-24,Charlotte Hornets,106.0,Orlando Magic,99.0
2021-11-24,Brooklyn Nets,123.0,Boston Celtics,104.0
2021-11-24,Chicago Bulls,113.0,Houston Rockets,118.0
2021-11-24,Toronto Raptors,126.0,Memphis Grizzlies,113.0
2021-11-24,Detroit Pistons,93.0,Milwaukee Bucks,114.0
2021-11-24,Miami Heat,101.0,Minnesota Timberwolves,113.0
2021-11-24,Washington Wizards,102.0,New Orleans Pelicans,127.0
2021-11-24,Utah Jazz,110.0,Oklahoma City Thunder,104.0
2021-11-24,Atlanta Hawks,124.0,San Antonio Spurs,106.0
2021-11-24,Philadelphia 76ers,96.0,Golden State Warriors,116.0
2021-11-24,Portland Trail Blazers,121.0,Sacramento Kings,125.0
2021-11-26,Detroit Pistons,96.0,Los Angeles Clippers,107.0
2021-11-26,Minnesota Timberwolves,115.0,Charlotte Hornets,133.0
2021-11-26,Phoenix Suns,118.0,New York Knicks,97.0
2021-11-26,Chicago Bulls,123.0,Orlando Magic,88.0
2021-11-26,Toronto Raptors,97.0,Indiana Pacers,114.0
2021-11-26,Atlanta Hawks,132.0,Memphis Grizzlies,100.0
2021-11-26,Washington Wizards,101.0,Oklahoma City Thunder,99.0
2021-11-26,Boston Celtics,88.0,San Antonio Spurs,96.0
2021-11-26,Milwaukee Bucks,120.0,Denver Nuggets,109.0
2021-11-26,New Orleans Pelicans,98.0,Utah Jazz,97.0
2021-11-26,Portland Trail Blazers,103.0,Golden State Warriors,118.0
2021-11-26,Sacramento Kings,141.0,Los Angeles Lakers,137.0
2021-11-27,Minnesota Timberwolves,121.0,Philadelphia 76ers,120.0
2021-11-27,New York Knicks,99.0,Atlanta Hawks,90.0
2021-11-27,Phoenix Suns,113.0,Brooklyn Nets,107.0
2021-11-27,Miami Heat,107.0,Chicago Bulls,104.0
2021-11-27,Orlando Magic,92.0,Cleveland Cavaliers,105.0
2021-11-27,Charlotte Hornets,143.0,Houston Rockets,146.0
2021-11-27,Washington Wizards,120.0,Dallas Mavericks,114.0
2021-11-27,New Orleans Pelicans,105.0,Utah Jazz,127.0
2021-11-28,Golden State Warriors,105.0,Los Angeles Clippers,90.0
2021-11-28,Milwaukee Bucks,118.0,Indiana Pacers,100.0
2021-11-28,Sacramento Kings,101.0,Memphis Grizzlies,128.0
2021-11-28,Boston Celtics,109.0,Toronto Raptors,97.0
2021-11-28,Detroit Pistons,106.0,Los Angeles Lakers,110.0
2021-11-29,Orlando Magic,96.0,Philadelphia 76ers,101.0
2021-11-29,Denver Nuggets,120.0,Miami Heat,111.0
2021-11-29,Charlotte Hornets,119.0,Chicago Bulls,133.0
2021-11-29,Oklahoma City Thunder,89.0,Houston Rockets,102.0
2021-11-29,Indiana Pacers,98.0,Minnesota Timberwolves,100.0
2021-11-29,Cleveland Cavaliers,114.0,Dallas Mavericks,96.0
2021-11-29,Washington Wizards,99.0,San Antonio Spurs,116.0
2021-11-29,Portland Trail Blazers,107.0,Utah Jazz,129.0
2021-11-29,New Orleans Pelicans,123.0,Los Angeles Clippers,104.0
2021-11-30,New York Knicks,110.0,Brooklyn Nets,112.0
2021-11-30,Memphis Grizzlies,98.0,Toronto Raptors,91.0
2021-11-30,Golden State Warriors,96.0,Phoenix Suns,104.0
2021-11-30,Detroit Pistons,92.0,Portland Trail Blazers,110.0
2021-11-30,Los Angeles Lakers,117.0,Sacramento Kings,92.0
2021-12-01,Atlanta Hawks,114.0,Indiana Pacers,111.0
2021-12-01,Denver Nuggets,103.0,Orlando Magic,108.0
2021-12-01,Minnesota Timberwolves,107.0,Washington Wizards,115.0
2021-12-01,Philadelphia 76ers,87.0,Boston Celtics,88.0
2021-12-01,Cleveland Cavaliers,111.0,Miami Heat,85.0
2021-12-01,Charlotte Hornets,125.0,Milwaukee Bucks,127.0
2021-12-01,Dallas Mavericks,139.0,New Orleans Pelicans,107.0
2021-12-01,Houston Rockets,114.0,Oklahoma City Thunder,110.0
2021-12-01,Sacramento Kings,124.0,Los Angeles Clippers,115.0
2021-12-02,Chicago Bulls,119.0,New York Knicks,115.0
2021-12-02,Milwaukee Bucks,93.0,Toronto Raptors,97.0
2021-12-02,Oklahoma City Thunder,79.0,Memphis Grizzlies,152.0
2021-12-02,Detroit Pistons,103.0,Phoenix Suns,114.0
2021-12-02,San Antonio Spurs,114.0,Portland Trail Blazers,83.0
2021-12-03,Miami Heat,113.0,Indiana Pacers,104.0
2021-12-03,Cleveland Cavaliers,116.0,Washington Wizards,101.0
2021-12-03,Philadelphia 76ers,98.0,Atlanta Hawks,96.0
2021-12-03,Minnesota Timberwolves,105.0,Brooklyn Nets,110.0
2021-12-03,Orlando Magic,116.0,Houston Rockets,118.0
2021-12-03,New Orleans Pelicans,107.0,Dallas Mavericks,91.0
2021-12-03,Boston Celtics,130.0,Utah Jazz,137.0
2021-12-03,Phoenix Suns,96.0,Golden State Warriors,118.0
2021-12-03,Los Angeles Clippers,119.0,Los Angeles Lakers,115.0
2021-12-04,Denver Nuggets,113.0,New York Knicks,99.0
2021-12-04,Chicago Bulls,111.0,Brooklyn Nets,107.0
2021-12-04,Miami Heat,102.0,Milwaukee Bucks,124.0
2021-12-04,Memphis Grizzlies,97.0,Dallas Mavericks,90.0
2021-12-04,San Antonio Spurs,112.0,Golden State Warriors,107.0
2021-12-04,Boston Celtics,145.0,Portland Trail Blazers,117.0
2021-12-04,Los Angeles Clippers,99.0,Sacramento Kings,104.0
2021-12-05,Utah Jazz,109.0,Cleveland Cavaliers,108.0
2021-12-05,Charlotte Hornets,130.0,Atlanta Hawks,127.0
2021-12-05,Washington Wizards,90.0,Toronto Raptors,102.0
2021-12-05,New Orleans Pelicans,108.0,Houston Rockets,118.0
2021-12-06,Philadelphia 76ers,127.0,Charlotte Hornets,124.0
2021-12-06,Oklahoma City Thunder,114.0,Detroit Pistons,103.0
2021-12-06,Washington Wizards,110.0,Indiana Pacers,116.0
2021-12-06,Memphis Grizzlies,105.0,Miami Heat,90.0
2021-12-06,Denver Nuggets,97.0,Chicago Bulls,109.0
2021-12-06,Cleveland Cavaliers,104.0,Milwaukee Bucks,112.0
2021-12-06,Atlanta Hawks,121.0,Minnesota Timberwolves,110.0
2021-12-06,San Antonio Spurs,104.0,Phoenix Suns,108.0
2021-12-06,Orlando Magic,95.0,Golden State Warriors,126.0
2021-12-06,Los Angeles Clippers,102.0,Portland Trail Blazers,90.0
2021-12-07,Brooklyn Nets,102.0,Dallas Mavericks,99.0
2021-12-07,New York Knicks,121.0,San Antonio Spurs,109.0
2021-12-07,Boston Celtics,102.0,Los Angeles Lakers,117.0
2021-12-08,Philadelphia 76ers,110.0,Charlotte Hornets,106.0
2021-12-08,Chicago Bulls,92.0,Cleveland Cavaliers,115.0
2021-12-08,Washington Wizards,119.0,Detroit Pistons,116.0
2021-12-08,New York Knicks,102.0,Indiana Pacers,122.0
2021-12-08,Milwaukee Bucks,104.0,Miami Heat,113.0
2021-12-08,Oklahoma City Thunder,110.0,Toronto Raptors,109.0
2021-12-08,Brooklyn Nets,104.0,Houston Rockets,114.0
2021-12-08,Dallas Mavericks,104.0,Memphis Grizzlies,96.0
2021-12-08,Utah Jazz,136.0,Minnesota Timberwolves,104.0
2021-12-08,Denver Nuggets,120.0,New Orleans Pelicans,114.0
2021-12-08,Portland Trail Blazers,94.0,Golden State Warriors,104.0
2021-12-08,Orlando Magic,130.0,Sacramento Kings,142.0
2021-12-08,Boston Celtics,111.0,Los Angeles Clippers,114.0
2021-12-09,Utah Jazz,118.0,Philadelphia 76ers,96.0
2021-12-09,Los Angeles Lakers,95.0,Memphis Grizzlies,108.0
2021-12-09,Denver Nuggets,111.0,San Antonio Spurs,123.0
2021-12-10,Sacramento Kings,123.0,Charlotte Hornets,124.0
2021-12-10,Dallas Mavericks,93.0,Indiana Pacers,106.0
2021-12-10,Brooklyn Nets,113.0,Atlanta Hawks,105.0
2021-12-10,New York Knicks,87.0,Toronto Raptors,90.0
2021-12-10,Milwaukee Bucks,123.0,Houston Rockets,114.0
2021-12-10,Cleveland Cavaliers,123.0,Minnesota Timberwolves,106.0
2021-12-10,Detroit Pistons,93.0,New Orleans Pelicans,109.0
2021-12-10,Los Angeles Lakers,116.0,Oklahoma City Thunder,95.0
2021-12-10,Boston Celtics,90.0,Phoenix Suns,111.0
2021-12-11,Orlando Magic,104.0,Los Angeles Clippers,106.0
2021-12-11,Utah Jazz,123.0,Washington Wizards,98.0
2021-12-11,Sacramento Kings,103.0,Cleveland Cavaliers,117.0
2021-12-11,Houston Rockets,106.0,Memphis Grizzlies,113.0
2021-12-11,Chicago Bulls,92.0,Miami Heat,118.0
2021-12-11,Golden State Warriors,93.0,Philadelphia 76ers,102.0
2021-12-11,Denver Nuggets,127.0,San Antonio Spurs,112.0
2021-12-12,Milwaukee Bucks,112.0,New York Knicks,97.0
2021-12-12,Brooklyn Nets,116.0,Detroit Pistons,104.0
2021-12-12,Dallas Mavericks,103.0,Oklahoma City Thunder,84.0
2021-12-12,New Orleans Pelicans,97.0,San Antonio Spurs,112.0
2021-12-12,Minnesota Timberwolves,116.0,Portland Trail Blazers,111.0
2021-12-12,Orlando Magic,94.0,Los Angeles Lakers,106.0
2021-12-13,Miami Heat,94.0,Cleveland Cavaliers,105.0
2021-12-13,Golden State Warriors,102.0,Indiana Pacers,100.0
2021-12-13,Sacramento Kings,101.0,Toronto Raptors,124.0
2021-12-13,Houston Rockets,132.0,Atlanta Hawks,126.0
2021-12-13,Milwaukee Bucks,103.0,Boston Celtics,117.0
2021-12-13,Philadelphia 76ers,91.0,Memphis Grizzlies,126.0
2021-12-13,Charlotte Hornets,96.0,Dallas Mavericks,120.0
2021-12-13,Washington Wizards,107.0,Denver Nuggets,113.0
2021-12-13,Phoenix Suns,95.0,Los Angeles Clippers,111.0
2021-12-14,Toronto Raptors,129.0,Brooklyn Nets,131.0
2021-12-14,Golden State Warriors,105.0,New York Knicks,96.0
2021-12-14,Phoenix Suns,111.0,Portland Trail Blazers,107.0
2021-12-15,Houston Rockets,89.0,Cleveland Cavaliers,124.0
2021-12-15,Atlanta Hawks,111.0,Orlando Magic,99.0
2021-12-15,Miami Heat,101.0,Philadelphia 76ers,96.0
2021-12-15,Los Angeles Lakers,107.0,Dallas Mavericks,104.0
2021-12-15,Indiana Pacers,99.0,Milwaukee Bucks,114.0
2021-12-15,New Orleans Pelicans,113.0,Oklahoma City Thunder,110.0
2021-12-15,Charlotte Hornets,131.0,San Antonio Spurs,115.0
2021-12-15,Minnesota Timberwolves,124.0,Denver Nuggets,107.0
2021-12-15,Memphis Grizzlies,113.0,Portland Trail Blazers,103.0
2021-12-15,Washington Wizards,105.0,Sacramento Kings,119.0
2021-12-15,Los Angeles Clippers,103.0,Utah Jazz,124.0
2021-12-16,Detroit Pistons,113.0,Indiana Pacers,122.0
2021-12-16,Philadelphia 76ers,105.0,Brooklyn Nets,114.0
2021-12-16,New York Knicks,116.0,Houston Rockets,103.0
2021-12-16,Washington Wizards,98.0,Phoenix Suns,118.0
2021-12-17,Miami Heat,115.0,Orlando Magic,105.0
2021-12-17,Denver Nuggets,133.0,Atlanta Hawks,115.0
2021-12-17,Golden State Warriors,111.0,Boston Celtics,107.0
2021-12-17,Milwaukee Bucks,112.0,New Orleans Pelicans,116.0
2021-12-17,San Antonio Spurs,128.0,Utah Jazz,126.0
2021-12-17,Los Angeles Lakers,92.0,Minnesota Timberwolves,110.0
2021-12-17,Charlotte Hornets,116.0,Portland Trail Blazers,125.0
2021-12-17,Memphis Grizzlies,124.0,Sacramento Kings,105.0
2021-12-18,Houston Rockets,116.0,Detroit Pistons,107.0
2021-12-18,New York Knicks,107.0,Boston Celtics,114.0
2021-12-18,Orlando Magic,100.0,Brooklyn Nets,93.0
2021-12-18,Golden State Warriors,100.0,Toronto Raptors,119.0
2021-12-18,Los Angeles Clippers,103.0,Oklahoma City Thunder,104.0
2021-12-18,Cleveland Cavaliers,119.0,Milwaukee Bucks,90.0
2021-12-18,Washington Wizards,109.0,Utah Jazz,103.0
2021-12-19,Miami Heat,90.0,Detroit Pistons,100.0
2021-12-19,Portland Trail Blazers,105.0,Memphis Grizzlies,100.0
2021-12-19,San Antonio Spurs,114.0,Sacramento Kings,121.0
2021-12-19,Los Angeles Lakers,110.0,Chicago Bulls,115.0
2021-12-19,Dallas Mavericks,105.0,Minnesota Timberwolves,111.0
2021-12-19,Charlotte Hornets,106.0,Phoenix Suns,137.0
2021-12-20,Philadelphia 76ers,108.0,Boston Celtics,103.0
2021-12-20,Houston Rockets,118.0,Chicago Bulls,133.0
2021-12-20,Oklahoma City Thunder,102.0,Memphis Grizzlies,99.0
2021-12-20,Charlotte Hornets,102.0,Utah Jazz,112.0
2021-12-20,Sacramento Kings,98.0,Golden State Warriors,113.0
2021-12-20,San Antonio Spurs,116.0,Los Angeles Clippers,92.0
2021-12-21,Indiana Pacers,96.0,Miami Heat,125.0
2021-12-21,Detroit Pistons,91.0,New York Knicks,105.0
2021-12-21,Portland Trail Blazers,97.0,New Orleans Pelicans,111.0
2021-12-21,Minnesota Timberwolves,102.0,Dallas Mavericks,114.0
2021-12-21,Phoenix Suns,108.0,Los Angeles Lakers,90.0
2021-12-22,Orlando Magic,104.0,Atlanta Hawks,98.0
2021-12-22,Cleveland Cavaliers,101.0,Boston Celtics,111.0
2021-12-22,Houston Rockets,106.0,Milwaukee Bucks,126.0
2021-12-22,Denver Nuggets,94.0,Oklahoma City Thunder,108.0
2021-12-22,Los Angeles Clippers,105.0,Sacramento Kings,89.0
2021-12-23,Houston Rockets,106.0,Indiana Pacers,118.0
2021-12-23,New Orleans Pelicans,110.0,Orlando Magic,104.0
2021-12-23,Atlanta Hawks,98.0,Philadelphia 76ers,96.0
2021-12-23,Detroit Pistons,112.0,Miami Heat,115.0
2021-12-23,Washington Wizards,124.0,New York Knicks,117.0
2021-12-23,Milwaukee Bucks,102.0,Dallas Mavericks,95.0
2021-12-23,Charlotte Hornets,115.0,Denver Nuggets,107.0
2021-12-23,Oklahoma City Thunder,101.0,Phoenix Suns,113.0
2021-12-23,Minnesota Timberwolves,116.0,Utah Jazz,128.0
2021-12-23,Memphis Grizzlies,104.0,Golden State Warriors,113.0
2021-12-23,San Antonio Spurs,138.0,Los Angeles Lakers,110.0
2021-12-25,Atlanta Hawks,87.0,New York Knicks,101.0
2021-12-25,Boston Celtics,113.0,Milwaukee Bucks,117.0
2021-12-25,Golden State Warriors,116.0,Phoenix Suns,107.0
2021-12-25,Brooklyn Nets,122.0,Los Angeles Lakers,115.0
2021-12-25,Dallas Mavericks,116.0,Utah Jazz,120.0
2021-12-26,Orlando Magic,83.0,Miami Heat,93.0
2021-12-26,Toronto Raptors,99.0,Cleveland Cavaliers,144.0
2021-12-26,Memphis Grizzlies,127.0,Sacramento Kings,102.0
2021-12-26,Philadelphia 76ers,117.0,Washington Wizards,96.0
2021-12-26,New Orleans Pelicans,112.0,Oklahoma City Thunder,117.0
2021-12-26,Detroit Pistons,109.0,San Antonio Spurs,144.0
2021-12-26,Indiana Pacers,105.0,Chicago Bulls,113.0
2021-12-26,Denver Nuggets,103.0,Los Angeles Clippers,100.0
2021-12-27,Houston Rockets,99.0,Charlotte Hornets,123.0
2021-12-27,Chicago Bulls,130.0,Atlanta Hawks,118.0
2021-12-27,Boston Celtics,103.0,Minnesota Timberwolves,108.0
2021-12-27,Utah Jazz,110.0,San Antonio Spurs,104.0
2021-12-27,Memphis Grizzlies,114.0,Phoenix Suns,113.0
2021-12-27,Dallas Mavericks,132.0,Portland Trail Blazers,117.0
2021-12-27,Brooklyn Nets,124.0,Los Angeles Clippers,108.0
2021-12-28,Milwaukee Bucks,127.0,Orlando Magic,110.0
2021-12-28,Washington Wizards,112.0,Miami Heat,119.0
2021-12-28,Philadelphia 76ers,114.0,Toronto Raptors,109.0
2021-12-28,Los Angeles Lakers,132.0,Houston Rockets,123.0
2021-12-28,New York Knicks,96.0,Minnesota Timberwolves,88.0
2021-12-28,Cleveland Cavaliers,104.0,New Orleans Pelicans,108.0
2021-12-28,Denver Nuggets,89.0,Golden State Warriors,86.0
2021-12-28,Oklahoma City Thunder,111.0,Sacramento Kings,117.0
2021-12-29,New York Knicks,94.0,Detroit Pistons,85.0
2021-12-29,Charlotte Hornets,116.0,Indiana Pacers,108.0
2021-12-29,Los Angeles Clippers,91.0,Boston Celtics,82.0
2021-12-29,Atlanta Hawks,117.0,Chicago Bulls,131.0
2021-12-29,Los Angeles Lakers,99.0,Memphis Grizzlies,104.0
2021-12-29,Oklahoma City Thunder,97.0,Phoenix Suns,115.0
2021-12-29,Utah Jazz,120.0,Portland Trail Blazers,105.0
2021-12-29,Dallas Mavericks,94.0,Sacramento Kings,95.0
2021-12-30,Philadelphia 76ers,110.0,Brooklyn Nets,102.0
2021-12-30,Milwaukee Bucks,136.0,Orlando Magic,118.0
2021-12-30,Cleveland Cavaliers,93.0,Washington Wizards,110.0
2021-12-31,Phoenix Suns,108.0,Boston Celtics,123.0
2021-12-31,Chicago Bulls,108.0,Indiana Pacers,106.0
2021-12-31,Dallas Mavericks,112.0,Sacramento Kings,96.0
2021-12-31,Miami Heat,120.0,Houston Rockets,110.0
2021-12-31,Atlanta Hawks,121.0,Cleveland Cavaliers,118.0
2021-12-31,Los Angeles Clippers,108.0,Toronto Raptors,116.0
2021-12-31,San Antonio Spurs,105.0,Memphis Grizzlies,118.0
2021-12-31,New York Knicks,80.0,Oklahoma City Thunder,95.0
2021-12-31,Minnesota Timberwolves,108.0,Utah Jazz,120.0
2021-12-31,Portland Trail Blazers,106.0,Los Angeles Lakers,139.0
2022-01-01,New Orleans Pelicans,113.0,Milwaukee Bucks,136.0
2022-01-01,San Antonio Spurs,116.0,Detroit Pistons,117.0
2022-01-01,Chicago Bulls,120.0,Washington Wizards,119.0
2022-01-01,Los Angeles Clippers,120.0,Brooklyn Nets,116.0
2022-01-01,Denver Nuggets,124.0,Houston Rockets,111.0
2022-01-01,Golden State Warriors,123.0,Utah Jazz,116.0
2022-01-02,New York Knicks,105.0,Toronto Raptors,120.0
2022-01-02,Orlando Magic,111.0,Boston Celtics,116.0
2022-01-02,Indiana Pacers,104.0,Cleveland Cavaliers,108.0
2022-01-02,Miami Heat,113.0,Sacramento Kings,115.0
2022-01-02,Phoenix Suns,133.0,Charlotte Hornets,99.0
2022-01-02,Dallas Mavericks,95.0,Oklahoma City Thunder,86.0
2022-01-02,Minnesota Timberwolves,103.0,Los Angeles Lakers,108.0
2022-01-03,Houston Rockets,113.0,Philadelphia 76ers,133.0
2022-01-03,Charlotte Hornets,121.0,Washington Wizards,124.0
2022-01-03,Memphis Grizzlies,118.0,Brooklyn Nets,104.0
2022-01-03,Orlando Magic,98.0,Chicago Bulls,102.0
2022-01-03,Detroit Pistons,115.0,Milwaukee Bucks,106.0
2022-01-03,Utah Jazz,115.0,New Orleans Pelicans,104.0
2022-01-03,Denver Nuggets,89.0,Dallas Mavericks,103.0
2022-01-03,Miami Heat,108.0,Golden State Warriors,115.0
2022-01-03,Atlanta Hawks,131.0,Portland Trail Blazers,136.0
2022-01-03,Minnesota Timberwolves,122.0,Los Angeles Clippers,104.0
2022-01-04,Memphis Grizzlies,110.0,Cleveland Cavaliers,106.0
2022-01-04,San Antonio Spurs,104.0,Toronto Raptors,129.0
2022-01-04,Indiana Pacers,94.0,New York Knicks,104.0
2022-01-04,Phoenix Suns,123.0,New Orleans Pelicans,110.0
2022-01-04,Sacramento Kings,114.0,Los Angeles Lakers,122.0
2022-01-05,Detroit Pistons,111.0,Charlotte Hornets,140.0
2022-01-05,Philadelphia 76ers,116.0,Orlando Magic,106.0
2022-01-05,Houston Rockets,114.0,Washington Wizards,111.0
2022-01-05,San Antonio Spurs,99.0,Boston Celtics,97.0
2022-01-05,Golden State Warriors,82.0,Dallas Mavericks,99.0
2022-01-05,Brooklyn Nets,129.0,Indiana Pacers,121.0
2022-01-05,Toronto Raptors,117.0,Milwaukee Bucks,111.0
2022-01-05,Oklahoma City Thunder,90.0,Minnesota Timberwolves,98.0
2022-01-05,Utah Jazz,115.0,Denver Nuggets,109.0
2022-01-05,Miami Heat,115.0,Portland Trail Blazers,109.0
2022-01-05,Atlanta Hawks,108.0,Sacramento Kings,102.0
2022-01-06,Boston Celtics,105.0,New York Knicks,108.0
2022-01-06,Detroit Pistons,88.0,Memphis Grizzlies,118.0
2022-01-06,Golden State Warriors,96.0,New Orleans Pelicans,101.0
2022-01-06,Los Angeles Clippers,89.0,Phoenix Suns,106.0
2022-01-07,San Antonio Spurs,100.0,Philadelphia 76ers,119.0
2022-01-07,Milwaukee Bucks,121.0,Brooklyn Nets,109.0
2022-01-07,Utah Jazz,108.0,Toronto Raptors,122.0
2022-01-07,Washington Wizards,122.0,Chicago Bulls,130.0
2022-01-07,Dallas Mavericks,130.0,Houston Rockets,106.0
2022-01-07,Minnesota Timberwolves,135.0,Oklahoma City Thunder,105.0
2022-01-07,Sacramento Kings,111.0,Denver Nuggets,121.0
2022-01-07,Atlanta Hawks,118.0,Los Angeles Lakers,134.0
2022-01-07,Cleveland Cavaliers,114.0,Portland Trail Blazers,101.0
2022-01-08,Memphis Grizzlies,123.0,Los Angeles Clippers,108.0
2022-01-08,Milwaukee Bucks,106.0,Charlotte Hornets,114.0
2022-01-08,Orlando Magic,92.0,Detroit Pistons,97.0
2022-01-08,Utah Jazz,113.0,Indiana Pacers,125.0
2022-01-08,New York Knicks,75.0,Boston Celtics,99.0
2022-01-08,Miami Heat,123.0,Phoenix Suns,100.0
2022-01-09,San Antonio Spurs,119.0,Brooklyn Nets,121.0
2022-01-09,Atlanta Hawks,93.0,Los Angeles Clippers,106.0
2022-01-09,Washington Wizards,102.0,Orlando Magic,100.0
2022-01-09,New Orleans Pelicans,101.0,Toronto Raptors,105.0
2022-01-09,Minnesota Timberwolves,141.0,Houston Rockets,123.0
2022-01-09,Denver Nuggets,99.0,Oklahoma City Thunder,95.0
2022-01-09,Chicago Bulls,99.0,Dallas Mavericks,113.0
2022-01-09,Cleveland Cavaliers,82.0,Golden State Warriors,96.0
2022-01-09,Sacramento Kings,88.0,Portland Trail Blazers,103.0
2022-01-09,Memphis Grizzlies,127.0,Los Angeles Lakers,119.0
2022-01-10,Milwaukee Bucks,99.0,Charlotte Hornets,103.0
2022-01-10,Utah Jazz,116.0,Detroit Pistons,126.0
2022-01-10,Indiana Pacers,98.0,Boston Celtics,101.0
2022-01-10,San Antonio Spurs,96.0,New York Knicks,111.0
2022-01-10,Philadelphia 76ers,111.0,Houston Rockets,91.0
2022-01-10,Brooklyn Nets,108.0,Portland Trail Blazers,114.0
2022-01-10,Cleveland Cavaliers,109.0,Sacramento Kings,108.0
2022-01-11,Oklahoma City Thunder,118.0,Washington Wizards,122.0
2022-01-11,Phoenix Suns,99.0,Toronto Raptors,95.0
2022-01-11,Detroit Pistons,87.0,Chicago Bulls,133.0
2022-01-11,Golden State Warriors,108.0,Memphis Grizzlies,116.0
2022-01-11,Minnesota Timberwolves,125.0,New Orleans Pelicans,128.0
2022-01-11,Denver Nuggets,85.0,Los Angeles Clippers,87.0
2022-01-12,Boston Celtics,119.0,Indiana Pacers,100.0
2022-01-12,Charlotte Hornets,109.0,Philadelphia 76ers,98.0
2022-01-12,Orlando Magic,106.0,Washington Wizards,112.0
2022-01-12,Miami Heat,115.0,Atlanta Hawks,91.0
2022-01-12,Dallas Mavericks,85.0,New York Knicks,108.0
2022-01-12,Houston Rockets,128.0,San Antonio Spurs,124.0
2022-01-12,Cleveland Cavaliers,111.0,Utah Jazz,91.0
2022-01-12,Brooklyn Nets,138.0,Chicago Bulls,112.0
2022-01-12,Los Angeles Lakers,116.0,Sacramento Kings,125.0
2022-01-13,Golden State Warriors,99.0,Milwaukee Bucks,118.0
2022-01-13,Minnesota Timberwolves,108.0,Memphis Grizzlies,116.0
2022-01-13,Los Angeles Clippers,89.0,New Orleans Pelicans,113.0
2022-01-13,Oklahoma City Thunder,130.0,Brooklyn Nets,109.0
2022-01-13,Portland Trail Blazers,108.0,Denver Nuggets,140.0
2022-01-14,Orlando Magic,116.0,Charlotte Hornets,109.0
2022-01-14,Toronto Raptors,87.0,Detroit Pistons,103.0
2022-01-14,Phoenix Suns,112.0,Indiana Pacers,94.0
2022-01-14,Boston Celtics,99.0,Philadelphia 76ers,111.0
2022-01-14,Golden State Warriors,138.0,Chicago Bulls,96.0
2022-01-14,Atlanta Hawks,118.0,Miami Heat,124.0
2022-01-14,Cleveland Cavaliers,114.0,San Antonio Spurs,109.0
2022-01-14,Dallas Mavericks,112.0,Memphis Grizzlies,85.0
2022-01-14,Houston Rockets,114.0,Sacramento Kings,126.0
2022-01-15,Toronto Raptors,103.0,Milwaukee Bucks,96.0
2022-01-15,Portland Trail Blazers,115.0,Washington Wizards,110.0
2022-01-15,New York Knicks,117.0,Atlanta Hawks,108.0
2022-01-15,New Orleans Pelicans,105.0,Brooklyn Nets,120.0
2022-01-15,Philadelphia 76ers,109.0,Miami Heat,98.0
2022-01-15,Cleveland Cavaliers,107.0,Oklahoma City Thunder,102.0
2022-01-15,Chicago Bulls,112.0,Boston Celtics,114.0
2022-01-15,Los Angeles Clippers,94.0,San Antonio Spurs,101.0
2022-01-15,Los Angeles Lakers,96.0,Denver Nuggets,133.0
2022-01-15,Orlando Magic,92.0,Dallas Mavericks,108.0
2022-01-16,Phoenix Suns,135.0,Detroit Pistons,108.0
2022-01-16,Houston Rockets,118.0,Sacramento Kings,112.0
2022-01-16,Utah Jazz,125.0,Denver Nuggets,102.0
2022-01-16,Golden State Warriors,99.0,Minnesota Timberwolves,119.0
2022-01-17,New Orleans Pelicans,92.0,Boston Celtics,104.0
2022-01-17,Charlotte Hornets,97.0,New York Knicks,87.0
2022-01-17,Philadelphia 76ers,98.0,Washington Wizards,117.0
2022-01-17,Brooklyn Nets,107.0,Cleveland Cavaliers,114.0
2022-01-17,Indiana Pacers,133.0,Los Angeles Clippers,139.0
2022-01-17,Chicago Bulls,106.0,Memphis Grizzlies,119.0
2022-01-17,Milwaukee Bucks,114.0,Atlanta Hawks,121.0
2022-01-17,Portland Trail Blazers,98.0,Orlando Magic,88.0
2022-01-17,Toronto Raptors,99.0,Miami Heat,104.0
2022-01-17,Oklahoma City Thunder,102.0,Dallas Mavericks,104.0
2022-01-17,Phoenix Suns,121.0,San Antonio Spurs,107.0
2022-01-17,Utah Jazz,95.0,Los Angeles Lakers,101.0
2022-01-18,Minnesota Timberwolves,112.0,New York Knicks,110.0
2022-01-18,Detroit Pistons,86.0,Golden State Warriors,102.0
2022-01-19,Orlando Magic,110.0,Philadelphia 76ers,123.0
2022-01-19,Brooklyn Nets,119.0,Washington Wizards,118.0
2022-01-19,Minnesota Timberwolves,122.0,Atlanta Hawks,134.0
2022-01-19,Charlotte Hornets,111.0,Boston Celtics,102.0
2022-01-19,Portland Trail Blazers,92.0,Miami Heat,104.0
2022-01-19,Cleveland Cavaliers,104.0,Chicago Bulls,117.0
2022-01-19,Memphis Grizzlies,114.0,Milwaukee Bucks,126.0
2022-01-19,Toronto Raptors,98.0,Dallas Mavericks,102.0
2022-01-19,Oklahoma City Thunder,96.0,San Antonio Spurs,118.0
2022-01-19,Houston Rockets,116.0,Utah Jazz,111.0
2022-01-19,Los Angeles Clippers,128.0,Denver Nuggets,130.0
2022-01-19,Detroit Pistons,133.0,Sacramento Kings,131.0
2022-01-19,Indiana Pacers,111.0,Los Angeles Lakers,104.0
2022-01-20,Phoenix Suns,109.0,Dallas Mavericks,101.0
2022-01-20,New Orleans Pelicans,102.0,New York Knicks,91.0
2022-01-20,Indiana Pacers,121.0,Golden State Warriors,117.0
2022-01-21,Oklahoma City Thunder,98.0,Charlotte Hornets,121.0
2022-01-21,Los Angeles Lakers,116.0,Orlando Magic,105.0
2022-01-21,Los Angeles Clippers,102.0,Philadelphia 76ers,101.0
2022-01-21,Miami Heat,108.0,Atlanta Hawks,110.0
2022-01-21,Portland Trail Blazers,109.0,Boston Celtics,105.0
2022-01-21,Chicago Bulls,90.0,Milwaukee Bucks,94.0
2022-01-21,Toronto Raptors,109.0,Washington Wizards,105.0
2022-01-21,Brooklyn Nets,117.0,San Antonio Spurs,102.0
2022-01-21,Memphis Grizzlies,122.0,Denver Nuggets,118.0
2022-01-21,Detroit Pistons,101.0,Utah Jazz,111.0
2022-01-21,Houston Rockets,103.0,Golden State Warriors,105.0
2022-01-22,Sacramento Kings,127.0,Milwaukee Bucks,133.0
2022-01-22,Oklahoma City Thunder,87.0,Cleveland Cavaliers,94.0
2022-01-22,Indiana Pacers,103.0,Phoenix Suns,113.0
2022-01-23,Los Angeles Clippers,102.0,New York Knicks,110.0
2022-01-23,Boston Celtics,116.0,Washington Wizards,87.0
2022-01-23,Los Angeles Lakers,107.0,Miami Heat,113.0
2022-01-23,Chicago Bulls,95.0,Orlando Magic,114.0
2022-01-23,Portland Trail Blazers,114.0,Toronto Raptors,105.0
2022-01-23,Atlanta Hawks,113.0,Charlotte Hornets,91.0
2022-01-23,Philadelphia 76ers,115.0,San Antonio Spurs,109.0
2022-01-23,Memphis Grizzlies,91.0,Dallas Mavericks,104.0
2022-01-23,Detroit Pistons,111.0,Denver Nuggets,117.0
2022-01-23,Brooklyn Nets,125.0,Minnesota Timberwolves,136.0
2022-01-23,Utah Jazz,92.0,Golden State Warriors,94.0
2022-01-24,New York Knicks,93.0,Cleveland Cavaliers,95.0
2022-01-24,Indiana Pacers,113.0,New Orleans Pelicans,117.0
2022-01-24,Chicago Bulls,111.0,Oklahoma City Thunder,110.0
2022-01-24,Utah Jazz,109.0,Phoenix Suns,115.0
2022-01-25,Denver Nuggets,110.0,Detroit Pistons,105.0
2022-01-25,New Orleans Pelicans,107.0,Philadelphia 76ers,117.0
2022-01-25,Charlotte Hornets,113.0,Toronto Raptors,125.0
2022-01-25,Los Angeles Clippers,116.0,Washington Wizards,115.0
2022-01-25,Sacramento Kings,75.0,Boston Celtics,128.0
2022-01-25,Los Angeles Lakers,106.0,Brooklyn Nets,96.0
2022-01-25,San Antonio Spurs,134.0,Houston Rockets,104.0
2022-01-25,Dallas Mavericks,92.0,Golden State Warriors,130.0
2022-01-25,Minnesota Timberwolves,109.0,Portland Trail Blazers,107.0
2022-01-26,Milwaukee Bucks,99.0,Cleveland Cavaliers,115.0
2022-01-26,Charlotte Hornets,158.0,Indiana Pacers,126.0
2022-01-26,Los Angeles Clippers,111.0,Orlando Magic,102.0
2022-01-26,Sacramento Kings,104.0,Atlanta Hawks,121.0
2022-01-26,New York Knicks,96.0,Miami Heat,110.0
2022-01-26,Denver Nuggets,124.0,Brooklyn Nets,118.0
2022-01-26,Toronto Raptors,105.0,Chicago Bulls,111.0
2022-01-26,Memphis Grizzlies,118.0,San Antonio Spurs,110.0
2022-01-26,Dallas Mavericks,132.0,Portland Trail Blazers,112.0
2022-01-26,Phoenix Suns,105.0,Utah Jazz,97.0
2022-01-27,Los Angeles Lakers,87.0,Philadelphia 76ers,105.0
2022-01-27,Minnesota Timberwolves,115.0,Golden State Warriors,124.0
2022-01-28,Detroit Pistons,103.0,Orlando Magic,119.0
2022-01-28,Boston Celtics,92.0,Atlanta Hawks,108.0
2022-01-28,Los Angeles Lakers,114.0,Charlotte Hornets,117.0
2022-01-28,Portland Trail Blazers,125.0,Houston Rockets,110.0
2022-01-28,Utah Jazz,109.0,Memphis Grizzlies,119.0
2022-01-28,Los Angeles Clippers,114.0,Miami Heat,121.0
2022-01-28,Denver Nuggets,116.0,New Orleans Pelicans,105.0
2022-01-28,Indiana Pacers,113.0,Oklahoma City Thunder,110.0
2022-01-28,Chicago Bulls,122.0,San Antonio Spurs,131.0
2022-01-28,Minnesota Timberwolves,124.0,Phoenix Suns,134.0
2022-01-28,New York Knicks,108.0,Milwaukee Bucks,123.0
2022-01-29,Indiana Pacers,105.0,Dallas Mavericks,132.0
2022-01-29,Boston Celtics,107.0,New Orleans Pelicans,97.0
2022-01-29,Sacramento Kings,101.0,Philadelphia 76ers,103.0
2022-01-29,Washington Wizards,95.0,Memphis Grizzlies,115.0
2022-01-29,Toronto Raptors,124.0,Miami Heat,120.0
2022-01-29,Brooklyn Nets,106.0,Golden State Warriors,110.0
2022-01-30,Los Angeles Lakers,121.0,Atlanta Hawks,129.0
2022-01-30,Los Angeles Clippers,115.0,Charlotte Hornets,90.0
2022-01-30,Portland Trail Blazers,116.0,Chicago Bulls,130.0
2022-01-30,Cleveland Cavaliers,105.0,Detroit Pistons,115.0
2022-01-30,Denver Nuggets,136.0,Milwaukee Bucks,100.0
2022-01-30,Dallas Mavericks,108.0,Orlando Magic,110.0
2022-01-30,Utah Jazz,106.0,Minnesota Timberwolves,126.0
2022-01-30,San Antonio Spurs,110.0,Phoenix Suns,115.0
2022-01-31,New Orleans Pelicans,90.0,Cleveland Cavaliers,93.0
2022-01-31,Los Angeles Clippers,116.0,Indiana Pacers,122.0
2022-01-31,Memphis Grizzlies,119.0,Philadelphia 76ers,122.0
2022-01-31,Toronto Raptors,106.0,Atlanta Hawks,100.0
2022-01-31,Miami Heat,92.0,Boston Celtics,122.0
2022-01-31,Sacramento Kings,96.0,New York Knicks,116.0
2022-01-31,Golden State Warriors,122.0,Houston Rockets,108.0
2022-01-31,Portland Trail Blazers,81.0,Oklahoma City Thunder,98.0
2022-02-01,New Orleans Pelicans,111.0,Detroit Pistons,101.0
2022-02-01,Washington Wizards,98.0,Milwaukee Bucks,112.0
2022-02-01,Miami Heat,106.0,Toronto Raptors,110.0
2022-02-01,Orlando Magic,115.0,Chicago Bulls,126.0
2022-02-01,Denver Nuggets,115.0,Minnesota Timberwolves,130.0
2022-02-01,Golden State Warriors,124.0,San Antonio Spurs,120.0
2022-02-01,Brooklyn Nets,111.0,Phoenix Suns,121.0
2022-02-02,Orlando Magic,119.0,Indiana Pacers,118.0
2022-02-02,Washington Wizards,106.0,Philadelphia 76ers,103.0
2022-02-02,Charlotte Hornets,107.0,Boston Celtics,113.0
2022-02-02,Memphis Grizzlies,120.0,New York Knicks,108.0
2022-02-02,Cleveland Cavaliers,104.0,Houston Rockets,115.0
2022-02-02,Oklahoma City Thunder,120.0,Dallas Mavericks,114.0
2022-02-02,Brooklyn Nets,101.0,Sacramento Kings,112.0
2022-02-02,Denver Nuggets,104.0,Utah Jazz,108.0
2022-02-02,Portland Trail Blazers,94.0,Los Angeles Lakers,99.0
2022-02-03,Minnesota Timberwolves,128.0,Detroit Pistons,117.0
2022-02-03,Miami Heat,112.0,San Antonio Spurs,95.0
2022-02-03,Phoenix Suns,115.0,Atlanta Hawks,124.0
2022-02-03,Chicago Bulls,120.0,Toronto Raptors,127.0
2022-02-03,Sacramento Kings,114.0,Golden State Warriors,126.0
2022-02-03,Los Angeles Lakers,110.0,Los Angeles Clippers,111.0
2022-02-04,Cleveland Cavaliers,102.0,Charlotte Hornets,101.0
2022-02-04,Boston Celtics,102.0,Detroit Pistons,93.0
2022-02-04,Chicago Bulls,122.0,Indiana Pacers,115.0
2022-02-04,Atlanta Hawks,114.0,Toronto Raptors,125.0
2022-02-04,Houston Rockets,106.0,San Antonio Spurs,131.0
2022-02-04,New Orleans Pelicans,113.0,Denver Nuggets,105.0
2022-02-04,Brooklyn Nets,102.0,Utah Jazz,125.0
2022-02-04,Philadelphia 76ers,98.0,Dallas Mavericks,107.0
2022-02-04,Oklahoma City Thunder,96.0,Portland Trail Blazers,93.0
2022-02-05,Memphis Grizzlies,135.0,Orlando Magic,115.0
2022-02-05,Miami Heat,104.0,Charlotte Hornets,86.0
2022-02-05,Phoenix Suns,95.0,Washington Wizards,80.0
2022-02-05,New York Knicks,115.0,Los Angeles Lakers,122.0
2022-02-05,Milwaukee Bucks,137.0,Portland Trail Blazers,108.0
2022-02-05,Oklahoma City Thunder,103.0,Sacramento Kings,113.0
2022-02-06,Philadelphia 76ers,119.0,Chicago Bulls,108.0
2022-02-06,Brooklyn Nets,104.0,Denver Nuggets,124.0
2022-02-06,Detroit Pistons,105.0,Minnesota Timberwolves,118.0
2022-02-06,Indiana Pacers,85.0,Cleveland Cavaliers,98.0
2022-02-06,Atlanta Hawks,94.0,Dallas Mavericks,103.0
2022-02-06,Boston Celtics,116.0,Orlando Magic,83.0
2022-02-06,New Orleans Pelicans,120.0,Houston Rockets,107.0
2022-02-06,Milwaukee Bucks,137.0,Los Angeles Clippers,113.0
2022-02-07,Toronto Raptors,116.0,Charlotte Hornets,101.0
2022-02-07,Miami Heat,121.0,Washington Wizards,100.0
2022-02-07,Phoenix Suns,127.0,Chicago Bulls,124.0
2022-02-07,Golden State Warriors,110.0,Oklahoma City Thunder,98.0
2022-02-07,New York Knicks,104.0,Utah Jazz,113.0
2022-02-08,Phoenix Suns,114.0,Philadelphia 76ers,109.0
2022-02-08,Indiana Pacers,112.0,Atlanta Hawks,133.0
2022-02-08,Boston Celtics,126.0,Brooklyn Nets,91.0
2022-02-08,Los Angeles Clippers,109.0,Memphis Grizzlies,135.0
2022-02-08,Houston Rockets,97.0,New Orleans Pelicans,110.0
2022-02-08,Detroit Pistons,86.0,Dallas Mavericks,116.0
2022-02-08,New York Knicks,115.0,Denver Nuggets,132.0
2022-02-08,Milwaukee Bucks,131.0,Los Angeles Lakers,116.0
2022-02-08,Orlando Magic,113.0,Portland Trail Blazers,95.0
2022-02-08,Minnesota Timberwolves,134.0,Sacramento Kings,114.0
2022-02-09,San Antonio Spurs,92.0,Cleveland Cavaliers,105.0
2022-02-09,Chicago Bulls,121.0,Charlotte Hornets,109.0
2022-02-09,Toronto Raptors,117.0,Oklahoma City Thunder,98.0
2022-02-09,Los Angeles Lakers,105.0,Portland Trail Blazers,107.0
2022-02-09,Minnesota Timberwolves,119.0,Sacramento Kings,132.0
2022-02-09,Golden State Warriors,85.0,Utah Jazz,111.0
2022-02-10,Memphis Grizzlies,132.0,Detroit Pistons,107.0
2022-02-10,Miami Heat,112.0,New Orleans Pelicans,97.0
2022-02-10,Brooklyn Nets,112.0,Washington Wizards,113.0
2022-02-10,Toronto Raptors,139.0,Houston Rockets,120.0
2022-02-10,Los Angeles Clippers,105.0,Dallas Mavericks,112.0
2022-02-10,New York Knicks,116.0,Golden State Warriors,114.0
2022-02-10,Milwaukee Bucks,107.0,Phoenix Suns,131.0
2022-02-11,Charlotte Hornets,141.0,Detroit Pistons,119.0
2022-02-11,Cleveland Cavaliers,120.0,Indiana Pacers,113.0
2022-02-11,Oklahoma City Thunder,87.0,Philadelphia 76ers,100.0
2022-02-11,San Antonio Spurs,136.0,Atlanta Hawks,121.0
2022-02-11,Denver Nuggets,102.0,Boston Celtics,108.0
2022-02-11,Minnesota Timberwolves,122.0,Chicago Bulls,134.0
2022-02-11,Orlando Magic,99.0,Utah Jazz,114.0
2022-02-12,New York Knicks,103.0,Portland Trail Blazers,112.0
2022-02-12,Memphis Grizzlies,125.0,Charlotte Hornets,118.0
2022-02-12,San Antonio Spurs,124.0,New Orleans Pelicans,114.0
2022-02-12,Sacramento Kings,123.0,Washington Wizards,110.0
2022-02-12,Cleveland Cavaliers,93.0,Philadelphia 76ers,103.0
2022-02-12,Denver Nuggets,110.0,Toronto Raptors,109.0
2022-02-12,Oklahoma City Thunder,101.0,Chicago Bulls,106.0
2022-02-12,Brooklyn Nets,111.0,Miami Heat,115.0
2022-02-12,Los Angeles Clippers,99.0,Dallas Mavericks,97.0
2022-02-12,Los Angeles Lakers,115.0,Golden State Warriors,117.0
2022-02-12,Orlando Magic,105.0,Phoenix Suns,132.0
2022-02-13,Atlanta Hawks,95.0,Boston Celtics,105.0
2022-02-13,Minnesota Timberwolves,129.0,Indiana Pacers,120.0
2022-02-14,Detroit Pistons,94.0,Washington Wizards,103.0
2022-02-14,Sacramento Kings,85.0,Brooklyn Nets,109.0
2022-02-14,Oklahoma City Thunder,127.0,New York Knicks,123.0
2022-02-14,San Antonio Spurs,109.0,Chicago Bulls,120.0
2022-02-14,Portland Trail Blazers,122.0,Milwaukee Bucks,107.0
2022-02-14,Toronto Raptors,90.0,New Orleans Pelicans,120.0
2022-02-14,Orlando Magic,111.0,Denver Nuggets,121.0
2022-02-14,Houston Rockets,101.0,Utah Jazz,135.0
2022-02-14,Golden State Warriors,104.0,Los Angeles Clippers,119.0
2022-02-15,Cleveland Cavaliers,116.0,Atlanta Hawks,124.0
2022-02-15,Dallas Mavericks,107.0,Miami Heat,99.0
2022-02-15,Boston Celtics,135.0,Philadelphia 76ers,87.0
2022-02-15,Indiana Pacers,119.0,Milwaukee Bucks,128.0
2022-02-15,Charlotte Hornets,120.0,Minnesota Timberwolves,126.0
2022-02-15,Memphis Grizzlies,121.0,New Orleans Pelicans,109.0
2022-02-15,Los Angeles Clippers,96.0,Phoenix Suns,103.0
2022-02-16,Atlanta Hawks,130.0,Orlando Magic,109.0
2022-02-16,Detroit Pistons,112.0,Boston Celtics,111.0
2022-02-16,Washington Wizards,108.0,Indiana Pacers,113.0
2022-02-16,Brooklyn Nets,111.0,New York Knicks,106.0
2022-02-16,Sacramento Kings,118.0,Chicago Bulls,125.0
2022-02-16,Portland Trail Blazers,123.0,Memphis Grizzlies,119.0
2022-02-16,Toronto Raptors,103.0,Minnesota Timberwolves,91.0
2022-02-16,San Antonio Spurs,114.0,Oklahoma City Thunder,106.0
2022-02-16,Houston Rockets,121.0,Phoenix Suns,124.0
2022-02-16,Denver Nuggets,117.0,Golden State Warriors,116.0
2022-02-16,Utah Jazz,101.0,Los Angeles Lakers,106.0
2022-02-17,Miami Heat,111.0,Charlotte Hornets,107.0
2022-02-17,Washington Wizards,117.0,Brooklyn Nets,103.0
2022-02-17,Dallas Mavericks,125.0,New Orleans Pelicans,118.0
2022-02-17,Philadelphia 76ers,123.0,Milwaukee Bucks,120.0
2022-02-17,Houston Rockets,111.0,Los Angeles Clippers,142.0
2022-02-24,Cleveland Cavaliers,103.0,Detroit Pistons,106.0
2022-02-24,Boston Celtics,129.0,Brooklyn Nets,106.0
2022-02-24,Atlanta Hawks,108.0,Chicago Bulls,112.0
2022-02-24,Memphis Grizzlies,114.0,Minnesota Timberwolves,119.0
2022-02-24,Phoenix Suns,124.0,Oklahoma City Thunder,104.0
2022-02-24,Golden State Warriors,132.0,Portland Trail Blazers,95.0
2022-02-24,Denver Nuggets,128.0,Sacramento Kings,110.0
2022-02-25,Toronto Raptors,93.0,Charlotte Hornets,125.0
2022-02-25,Oklahoma City Thunder,129.0,Indiana Pacers,125.0
2022-02-25,Houston Rockets,111.0,Orlando Magic,119.0
2022-02-25,San Antonio Spurs,157.0,Washington Wizards,153.0
2022-02-25,Miami Heat,115.0,New York Knicks,100.0
2022-02-25,Philadelphia 76ers,133.0,Minnesota Timberwolves,102.0
2022-02-25,New Orleans Pelicans,117.0,Phoenix Suns,102.0
2022-02-25,Dallas Mavericks,109.0,Utah Jazz,114.0
2022-02-25,Los Angeles Clippers,105.0,Los Angeles Lakers,102.0
2022-02-26,Boston Celtics,0.0,Detroit Pistons,0.0
2022-02-26,Toronto Raptors,0.0,Atlanta Hawks,0.0
2022-02-26,Memphis Grizzlies,0.0,Chicago Bulls,0.0
2022-02-26,Washington Wizards,0.0,Cleveland Cavaliers,0.0
2022-02-26,San Antonio Spurs,0.0,Miami Heat,0.0
2022-02-26,Brooklyn Nets,0.0,Milwaukee Bucks,0.0
2022-02-26,Sacramento Kings,0.0,Denver Nuggets,0.0
2022-02-27,Philadelphia 76ers,0.0,New York Knicks,0.0
2022-02-27,Utah Jazz,0.0,Phoenix Suns,0.0
2022-02-27,Boston Celtics,0.0,Indiana Pacers,0.0
2022-02-27,Detroit Pistons,0.0,Charlotte Hornets,0.0
2022-02-27,Los Angeles Clippers,0.0,Houston Rockets,0.0
2022-02-27,Dallas Mavericks,0.0,Golden State Warriors,0.0
2022-02-27,Denver Nuggets,0.0,Portland Trail Blazers,0.0
2022-02-27,New Orleans Pelicans,0.0,Los Angeles Lakers,0.0
2022-02-28,Minnesota Timberwolves,0.0,Cleveland Cavaliers,0.0
2022-02-28,Indiana Pacers,0.0,Orlando Magic,0.0
2022-02-28,Toronto Raptors,0.0,Brooklyn Nets,0.0
2022-02-28,Chicago Bulls,0.0,Miami Heat,0.0
2022-02-28,San Antonio Spurs,0.0,Memphis Grizzlies,0.0
2022-02-28,Charlotte Hornets,0.0,Milwaukee Bucks,0.0
2022-02-28,Sacramento Kings,0.0,Oklahoma City Thunder,0.0
2022-03-01,Detroit Pistons,0.0,Washington Wizards,0.0
2022-03-01,Atlanta Hawks,0.0,Boston Celtics,0.0
2022-03-01,Brooklyn Nets,0.0,Toronto Raptors,0.0
2022-03-01,Los Angeles Clippers,0.0,Houston Rockets,0.0
2022-03-01,Golden State Warriors,0.0,Minnesota Timberwolves,0.0
2022-03-01,Dallas Mavericks,0.0,Los Angeles Lakers,0.0
2022-03-02,Charlotte Hornets,0.0,Cleveland Cavaliers,0.0
2022-03-02,Indiana Pacers,0.0,Orlando Magic,0.0
2022-03-02,New York Knicks,0.0,Philadelphia 76ers,0.0
2022-03-02,Utah Jazz,0.0,Houston Rockets,0.0
2022-03-02,Miami Heat,0.0,Milwaukee Bucks,0.0
2022-03-02,Sacramento Kings,0.0,New Orleans Pelicans,0.0
2022-03-02,Oklahoma City Thunder,0.0,Denver Nuggets,0.0
2022-03-02,Portland Trail Blazers,0.0,Phoenix Suns,0.0
2022-03-03,Chicago Bulls,0.0,Atlanta Hawks,0.0
2022-03-03,Memphis Grizzlies,0.0,Boston Celtics,0.0
2022-03-03,Miami Heat,0.0,Brooklyn Nets,0.0
2022-03-03,Detroit Pistons,0.0,Toronto Raptors,0.0
2022-03-03,Golden State Warriors,0.0,Dallas Mavericks,0.0
2022-03-03,Sacramento Kings,0.0,San Antonio Spurs,0.0
2022-03-03,Los Angeles Lakers,0.0,Los Angeles Clippers,0.0
2022-03-04,Indiana Pacers,0.0,Detroit Pistons,0.0
2022-03-04,Cleveland Cavaliers,0.0,Philadelphia 76ers,0.0
2022-03-04,Atlanta Hawks,0.0,Washington Wizards,0.0
2022-03-04,Milwaukee Bucks,0.0,Chicago Bulls,0.0
2022-03-04,Orlando Magic,0.0,Toronto Raptors,0.0
2022-03-04,Utah Jazz,0.0,New Orleans Pelicans,0.0
2022-03-04,Minnesota Timberwolves,0.0,Oklahoma City Thunder,0.0
2022-03-04,Houston Rockets,0.0,Denver Nuggets,0.0
2022-03-04,New York Knicks,0.0,Phoenix Suns,0.0
2022-03-05,Sacramento Kings,0.0,Dallas Mavericks,0.0
2022-03-05,San Antonio Spurs,0.0,Charlotte Hornets,0.0
2022-03-05,Orlando Magic,0.0,Memphis Grizzlies,0.0
2022-03-05,Philadelphia 76ers,0.0,Miami Heat,0.0
2022-03-05,Portland Trail Blazers,0.0,Minnesota Timberwolves,0.0
2022-03-05,Golden State Warriors,0.0,Los Angeles Lakers,0.0
2022-03-06,Brooklyn Nets,0.0,Boston Celtics,0.0
2022-03-06,Phoenix Suns,0.0,Milwaukee Bucks,0.0
2022-03-06,Indiana Pacers,0.0,Washington Wizards,0.0
2022-03-06,Memphis Grizzlies,0.0,Houston Rockets,0.0
2022-03-06,Utah Jazz,0.0,Oklahoma City Thunder,0.0
2022-03-06,Toronto Raptors,0.0,Cleveland Cavaliers,0.0
2022-03-06,New Orleans Pelicans,0.0,Denver Nuggets,0.0
2022-03-06,New York Knicks,0.0,Los Angeles Clippers,0.0
2022-03-07,Atlanta Hawks,0.0,Detroit Pistons,0.0
2022-03-07,Chicago Bulls,0.0,Philadelphia 76ers,0.0
2022-03-07,Houston Rockets,0.0,Miami Heat,0.0
2022-03-07,Portland Trail Blazers,0.0,Minnesota Timberwolves,0.0
2022-03-07,Utah Jazz,0.0,Dallas Mavericks,0.0
2022-03-07,Los Angeles Lakers,0.0,San Antonio Spurs,0.0
2022-03-07,Golden State Warriors,0.0,Denver Nuggets,0.0
2022-03-07,New York Knicks,0.0,Sacramento Kings,0.0
2022-03-08,Brooklyn Nets,0.0,Charlotte Hornets,0.0
2022-03-08,Cleveland Cavaliers,0.0,Indiana Pacers,0.0
2022-03-08,Phoenix Suns,0.0,Orlando Magic,0.0
2022-03-08,New Orleans Pelicans,0.0,Memphis Grizzlies,0.0
2022-03-08,Milwaukee Bucks,0.0,Oklahoma City Thunder,0.0
2022-03-08,Los Angeles Clippers,0.0,Golden State Warriors,0.0
2022-03-09,Boston Celtics,0.0,Charlotte Hornets,0.0
2022-03-09,Chicago Bulls,0.0,Detroit Pistons,0.0
2022-03-09,Phoenix Suns,0.0,Miami Heat,0.0
2022-03-09,Atlanta Hawks,0.0,Milwaukee Bucks,0.0
2022-03-09,Los Angeles Lakers,0.0,Houston Rockets,0.0
2022-03-09,Oklahoma City Thunder,0.0,Minnesota Timberwolves,0.0
2022-03-09,Orlando Magic,0.0,New Orleans Pelicans,0.0
2022-03-09,New York Knicks,0.0,Dallas Mavericks,0.0
2022-03-09,Toronto Raptors,0.0,San Antonio Spurs,0.0
2022-03-09,Denver Nuggets,0.0,Sacramento Kings,0.0
2022-03-09,Portland Trail Blazers,0.0,Utah Jazz,0.0
2022-03-09,Washington Wizards,0.0,Los Angeles Clippers,0.0
2022-03-10,Brooklyn Nets,0.0,Philadelphia 76ers,0.0
2022-03-10,Golden State Warriors,0.0,Denver Nuggets,0.0
2022-03-11,Minnesota Timberwolves,0.0,Orlando Magic,0.0
2022-03-11,Los Angeles Clippers,0.0,Atlanta Hawks,0.0
2022-03-11,Detroit Pistons,0.0,Boston Celtics,0.0
2022-03-11,Dallas Mavericks,0.0,Houston Rockets,0.0
2022-03-11,New York Knicks,0.0,Memphis Grizzlies,0.0
2022-03-11,Cleveland Cavaliers,0.0,Miami Heat,0.0
2022-03-11,Charlotte Hornets,0.0,New Orleans Pelicans,0.0
2022-03-11,Utah Jazz,0.0,San Antonio Spurs,0.0
2022-03-11,Toronto Raptors,0.0,Phoenix Suns,0.0
2022-03-11,Washington Wizards,0.0,Los Angeles Lakers,0.0
2022-03-12,Cleveland Cavaliers,0.0,Chicago Bulls,0.0
2022-03-12,Minnesota Timberwolves,0.0,Miami Heat,0.0
2022-03-12,Indiana Pacers,0.0,San Antonio Spurs,0.0
2022-03-12,Milwaukee Bucks,0.0,Golden State Warriors,0.0
2022-03-12,Toronto Raptors,0.0,Denver Nuggets,0.0
2022-03-12,Washington Wizards,0.0,Portland Trail Blazers,0.0
2022-03-12,Sacramento Kings,0.0,Utah Jazz,0.0
2022-03-13,New York Knicks,0.0,Brooklyn Nets,0.0
2022-03-13,Los Angeles Clippers,0.0,Detroit Pistons,0.0
2022-03-13,Dallas Mavericks,0.0,Boston Celtics,0.0
2022-03-13,Philadelphia 76ers,0.0,Orlando Magic,0.0
2022-03-13,Indiana Pacers,0.0,Atlanta Hawks,0.0
2022-03-13,Houston Rockets,0.0,New Orleans Pelicans,0.0
2022-03-13,Memphis Grizzlies,0.0,Oklahoma City Thunder,0.0
2022-03-13,Los Angeles Lakers,0.0,Phoenix Suns,0.0
2022-03-14,Los Angeles Clippers,0.0,Cleveland Cavaliers,0.0
2022-03-14,Portland Trail Blazers,0.0,Atlanta Hawks,0.0
2022-03-14,Denver Nuggets,0.0,Philadelphia 76ers,0.0
2022-03-14,Charlotte Hornets,0.0,Oklahoma City Thunder,0.0
2022-03-14,Minnesota Timberwolves,0.0,San Antonio Spurs,0.0
2022-03-14,Washington Wizards,0.0,Golden State Warriors,0.0
2022-03-14,Chicago Bulls,0.0,Sacramento Kings,0.0
2022-03-14,Milwaukee Bucks,0.0,Utah Jazz,0.0
2022-03-14,Toronto Raptors,0.0,Los Angeles Lakers,0.0
2022-03-15,Memphis Grizzlies,0.0,Indiana Pacers,0.0
2022-03-15,Brooklyn Nets,0.0,Orlando Magic,0.0
2022-03-15,Detroit Pistons,0.0,Miami Heat,0.0
2022-03-15,Phoenix Suns,0.0,New Orleans Pelicans,0.0
2022-03-16,Atlanta Hawks,0.0,Charlotte Hornets,0.0
2022-03-16,Philadelphia 76ers,0.0,Cleveland Cavaliers,0.0
2022-03-16,Denver Nuggets,0.0,Washington Wizards,0.0
2022-03-16,Dallas Mavericks,0.0,Brooklyn Nets,0.0
2022-03-16,Portland Trail Blazers,0.0,New York Knicks,0.0
2022-03-16,Phoenix Suns,0.0,Houston Rockets,0.0
2022-03-16,Los Angeles Lakers,0.0,Minnesota Timberwolves,0.0
2022-03-16,Oklahoma City Thunder,0.0,San Antonio Spurs,0.0
2022-03-16,Chicago Bulls,0.0,Utah Jazz,0.0
2022-03-16,Boston Celtics,0.0,Golden State Warriors,0.0
2022-03-16,Milwaukee Bucks,0.0,Sacramento Kings,0.0
2022-03-16,Toronto Raptors,0.0,Los Angeles Clippers,0.0
2022-03-17,Detroit Pistons,0.0,Orlando Magic,0.0
2022-03-18,Dallas Mavericks,0.0,Philadelphia 76ers,0.0
2022-03-18,Memphis Grizzlies,0.0,Atlanta Hawks,0.0
2022-03-18,Portland Trail Blazers,0.0,Brooklyn Nets,0.0
2022-03-18,Denver Nuggets,0.0,Cleveland Cavaliers,0.0
2022-03-18,Washington Wizards,0.0,New York Knicks,0.0
2022-03-18,Los Angeles Lakers,0.0,Toronto Raptors,0.0
2022-03-18,Indiana Pacers,0.0,Houston Rockets,0.0
2022-03-18,Oklahoma City Thunder,0.0,Miami Heat,0.0
2022-03-18,New Orleans Pelicans,0.0,San Antonio Spurs,0.0
2022-03-18,Los Angeles Clippers,0.0,Utah Jazz,0.0
2022-03-18,Chicago Bulls,0.0,Phoenix Suns,0.0
2022-03-18,Boston Celtics,0.0,Sacramento Kings,0.0
2022-03-19,Milwaukee Bucks,0.0,Minnesota Timberwolves,0.0
2022-03-19,Dallas Mavericks,0.0,Charlotte Hornets,0.0
2022-03-19,Detroit Pistons,0.0,Cleveland Cavaliers,0.0
2022-03-19,Los Angeles Lakers,0.0,Washington Wizards,0.0
2022-03-20,Memphis Grizzlies,0.0,Houston Rockets,0.0
2022-03-20,Portland Trail Blazers,0.0,Indiana Pacers,0.0
2022-03-20,New Orleans Pelicans,0.0,Atlanta Hawks,0.0
2022-03-20,Oklahoma City Thunder,0.0,Orlando Magic,0.0
2022-03-20,Phoenix Suns,0.0,Sacramento Kings,0.0
2022-03-20,Utah Jazz,0.0,New York Knicks,0.0
2022-03-20,Boston Celtics,0.0,Denver Nuggets,0.0
2022-03-20,San Antonio Spurs,0.0,Golden State Warriors,0.0
2022-03-20,Toronto Raptors,0.0,Philadelphia 76ers,0.0
2022-03-21,New Orleans Pelicans,0.0,Charlotte Hornets,0.0
2022-03-21,Los Angeles Lakers,0.0,Cleveland Cavaliers,0.0
2022-03-21,Portland Trail Blazers,0.0,Detroit Pistons,0.0
2022-03-21,Miami Heat,0.0,Philadelphia 76ers,0.0
2022-03-21,Utah Jazz,0.0,Brooklyn Nets,0.0
2022-03-21,Toronto Raptors,0.0,Chicago Bulls,0.0
2022-03-21,Washington Wizards,0.0,Houston Rockets,0.0
2022-03-21,Boston Celtics,0.0,Oklahoma City Thunder,0.0
2022-03-21,Minnesota Timberwolves,0.0,Dallas Mavericks,0.0
2022-03-22,Golden State Warriors,0.0,Orlando Magic,0.0
2022-03-22,Atlanta Hawks,0.0,New York Knicks,0.0
2022-03-22,Chicago Bulls,0.0,Milwaukee Bucks,0.0
2022-03-22,Los Angeles Clippers,0.0,Denver Nuggets,0.0
2022-03-23,New York Knicks,0.0,Charlotte Hornets,0.0
2022-03-23,Atlanta Hawks,0.0,Detroit Pistons,0.0
2022-03-23,Sacramento Kings,0.0,Indiana Pacers,0.0
2022-03-23,Utah Jazz,0.0,Boston Celtics,0.0
2022-03-23,Brooklyn Nets,0.0,Memphis Grizzlies,0.0
2022-03-23,Golden State Warriors,0.0,Miami Heat,0.0
2022-03-23,Phoenix Suns,0.0,Minnesota Timberwolves,0.0
2022-03-23,Orlando Magic,0.0,Oklahoma City Thunder,0.0
2022-03-23,Houston Rockets,0.0,Dallas Mavericks,0.0
2022-03-23,Philadelphia 76ers,0.0,Los Angeles Lakers,0.0
2022-03-23,San Antonio Spurs,0.0,Portland Trail Blazers,0.0
2022-03-24,Cleveland Cavaliers,0.0,Toronto Raptors,0.0
2022-03-24,Indiana Pacers,0.0,Memphis Grizzlies,0.0
2022-03-24,Washington Wizards,0.0,Milwaukee Bucks,0.0
2022-03-24,Chicago Bulls,0.0,New Orleans Pelicans,0.0
2022-03-24,Phoenix Suns,0.0,Denver Nuggets,0.0
2022-03-25,Utah Jazz,0.0,Charlotte Hornets,0.0
2022-03-25,Washington Wizards,0.0,Detroit Pistons,0.0
2022-03-25,Golden State Warriors,0.0,Atlanta Hawks,0.0
2022-03-25,New York Knicks,0.0,Miami Heat,0.0
2022-03-25,Dallas Mavericks,0.0,Minnesota Timberwolves,0.0
2022-03-25,Houston Rockets,0.0,Portland Trail Blazers,0.0
2022-03-25,Philadelphia 76ers,0.0,Los Angeles Clippers,0.0
2022-03-26,San Antonio Spurs,0.0,New Orleans Pelicans,0.0
2022-03-26,Sacramento Kings,0.0,Orlando Magic,0.0
2022-03-26,Indiana Pacers,0.0,Toronto Raptors,0.0
2022-03-26,Chicago Bulls,0.0,Cleveland Cavaliers,0.0
2022-03-26,Milwaukee Bucks,0.0,Memphis Grizzlies,0.0
2022-03-26,Brooklyn Nets,0.0,Miami Heat,0.0
2022-03-26,Oklahoma City Thunder,0.0,Denver Nuggets,0.0
2022-03-26,Houston Rockets,0.0,Portland Trail Blazers,0.0
2022-03-27,New York Knicks,0.0,Detroit Pistons,0.0
2022-03-27,Minnesota Timberwolves,0.0,Boston Celtics,0.0
2022-03-27,Philadelphia 76ers,0.0,Phoenix Suns,0.0
2022-03-27,Golden State Warriors,0.0,Washington Wizards,0.0
2022-03-27,Los Angeles Lakers,0.0,New Orleans Pelicans,0.0
2022-03-27,Charlotte Hornets,0.0,Brooklyn Nets,0.0
2022-03-27,Utah Jazz,0.0,Dallas Mavericks,0.0
2022-03-28,Denver Nuggets,0.0,Charlotte Hornets,0.0
2022-03-28,Orlando Magic,0.0,Cleveland Cavaliers,0.0
2022-03-28,Atlanta Hawks,0.0,Indiana Pacers,0.0
2022-03-28,Sacramento Kings,0.0,Miami Heat,0.0
2022-03-28,Chicago Bulls,0.0,New York Knicks,0.0
2022-03-28,Boston Celtics,0.0,Toronto Raptors,0.0
2022-03-28,San Antonio Spurs,0.0,Houston Rockets,0.0
2022-03-28,Golden State Warriors,0.0,Memphis Grizzlies,0.0
2022-03-28,Oklahoma City Thunder,0.0,Portland Trail Blazers,0.0
2022-03-29,Milwaukee Bucks,0.0,Philadelphia 76ers,0.0
2022-03-29,Chicago Bulls,0.0,Washington Wizards,0.0
2022-03-29,Detroit Pistons,0.0,Brooklyn Nets,0.0
2022-03-29,Los Angeles Lakers,0.0,Dallas Mavericks,0.0
2022-03-29,Utah Jazz,0.0,Los Angeles Clippers,0.0
2022-03-30,Dallas Mavericks,0.0,Cleveland Cavaliers,0.0
2022-03-30,Denver Nuggets,0.0,Indiana Pacers,0.0
2022-03-30,Orlando Magic,0.0,Washington Wizards,0.0
2022-03-30,Miami Heat,0.0,Boston Celtics,0.0
2022-03-30,Charlotte Hornets,0.0,New York Knicks,0.0
2022-03-30,Minnesota Timberwolves,0.0,Toronto Raptors,0.0
2022-03-30,Sacramento Kings,0.0,Houston Rockets,0.0
2022-03-30,Atlanta Hawks,0.0,Oklahoma City Thunder,0.0
2022-03-30,Memphis Grizzlies,0.0,San Antonio Spurs,0.0
2022-03-30,Phoenix Suns,0.0,Golden State Warriors,0.0
2022-03-30,New Orleans Pelicans,0.0,Portland Trail Blazers,0.0
2022-03-31,Philadelphia 76ers,0.0,Detroit Pistons,0.0
2022-03-31,Cleveland Cavaliers,0.0,Atlanta Hawks,0.0
2022-03-31,Milwaukee Bucks,0.0,Brooklyn Nets,0.0
2022-03-31,Los Angeles Clippers,0.0,Chicago Bulls,0.0
2022-03-31,Los Angeles Lakers,0.0,Utah Jazz,0.0
2022-04-01,Toronto Raptors,0.0,Orlando Magic,0.0
2022-04-01,Dallas Mavericks,0.0,Washington Wizards,0.0
2022-04-01,Indiana Pacers,0.0,Boston Celtics,0.0
2022-04-01,Sacramento Kings,0.0,Houston Rockets,0.0
2022-04-01,Phoenix Suns,0.0,Memphis Grizzlies,0.0
2022-04-01,Los Angeles Clippers,0.0,Milwaukee Bucks,0.0
2022-04-01,Detroit Pistons,0.0,Oklahoma City Thunder,0.0
2022-04-01,Portland Trail Blazers,0.0,San Antonio Spurs,0.0
2022-04-01,Minnesota Timberwolves,0.0,Denver Nuggets,0.0
2022-04-01,New Orleans Pelicans,0.0,Los Angeles Lakers,0.0
2022-04-02,Charlotte Hornets,0.0,Philadelphia 76ers,0.0
2022-04-02,Cleveland Cavaliers,0.0,New York Knicks,0.0
2022-04-02,Brooklyn Nets,0.0,Atlanta Hawks,0.0
2022-04-02,Miami Heat,0.0,Chicago Bulls,0.0
2022-04-02,Utah Jazz,0.0,Golden State Warriors,0.0
2022-04-03,Dallas Mavericks,0.0,Milwaukee Bucks,0.0
2022-04-03,Washington Wizards,0.0,Boston Celtics,0.0
2022-04-03,Denver Nuggets,0.0,Los Angeles Lakers,0.0
2022-04-03,Detroit Pistons,0.0,Indiana Pacers,0.0
2022-04-03,Philadelphia 76ers,0.0,Cleveland Cavaliers,0.0
2022-04-03,New York Knicks,0.0,Orlando Magic,0.0
2022-04-03,Minnesota Timberwolves,0.0,Houston Rockets,0.0
2022-04-03,Miami Heat,0.0,Toronto Raptors,0.0
2022-04-03,Portland Trail Blazers,0.0,San Antonio Spurs,0.0
2022-04-03,Phoenix Suns,0.0,Oklahoma City Thunder,0.0
2022-04-03,Golden State Warriors,0.0,Sacramento Kings,0.0
2022-04-03,New Orleans Pelicans,0.0,Los Angeles Clippers,0.0
2022-04-05,Philadelphia 76ers,0.0,Indiana Pacers,0.0
2022-04-05,Cleveland Cavaliers,0.0,Orlando Magic,0.0
2022-04-05,Houston Rockets,0.0,Brooklyn Nets,0.0
2022-04-05,Charlotte Hornets,0.0,Miami Heat,0.0
2022-04-05,Atlanta Hawks,0.0,Toronto Raptors,0.0
2022-04-05,Milwaukee Bucks,0.0,Chicago Bulls,0.0
2022-04-05,Washington Wizards,0.0,Minnesota Timberwolves,0.0
2022-04-05,Portland Trail Blazers,0.0,Oklahoma City Thunder,0.0
2022-04-05,San Antonio Spurs,0.0,Denver Nuggets,0.0
2022-04-05,Memphis Grizzlies,0.0,Utah Jazz,0.0
2022-04-05,New Orleans Pelicans,0.0,Sacramento Kings,0.0
2022-04-05,Los Angeles Lakers,0.0,Phoenix Suns,0.0
2022-04-06,Dallas Mavericks,0.0,Detroit Pistons,0.0
2022-04-06,Brooklyn Nets,0.0,New York Knicks,0.0
2022-04-06,Boston Celtics,0.0,Chicago Bulls,0.0
2022-04-06,Washington Wizards,0.0,Atlanta Hawks,0.0
2022-04-06,Oklahoma City Thunder,0.0,Utah Jazz,0.0
2022-04-06,Phoenix Suns,0.0,Los Angeles Clippers,0.0
2022-04-07,Orlando Magic,0.0,Charlotte Hornets,0.0
2022-04-07,Boston Celtics,0.0,Milwaukee Bucks,0.0
2022-04-07,Philadelphia 76ers,0.0,Toronto Raptors,0.0
2022-04-07,San Antonio Spurs,0.0,Minnesota Timberwolves,0.0
2022-04-07,Portland Trail Blazers,0.0,New Orleans Pelicans,0.0
2022-04-07,Memphis Grizzlies,0.0,Denver Nuggets,0.0
2022-04-07,Los Angeles Lakers,0.0,Golden State Warriors,0.0
2022-04-08,New York Knicks,0.0,Washington Wizards,0.0
2022-04-08,Milwaukee Bucks,0.0,Detroit Pistons,0.0
2022-04-08,Cleveland Cavaliers,0.0,Brooklyn Nets,0.0
2022-04-08,Houston Rockets,0.0,Toronto Raptors,0.0
2022-04-08,Atlanta Hawks,0.0,Miami Heat,0.0
2022-04-08,Charlotte Hornets,0.0,Chicago Bulls,0.0
2022-04-08,Portland Trail Blazers,0.0,Dallas Mavericks,0.0
2022-04-08,Phoenix Suns,0.0,Utah Jazz,0.0
2022-04-08,Oklahoma City Thunder,0.0,Los Angeles Lakers,0.0
2022-04-09,Sacramento Kings,0.0,Los Angeles Clippers,0.0
2022-04-09,Golden State Warriors,0.0,San Antonio Spurs,0.0
2022-04-09,New Orleans Pelicans,0.0,Memphis Grizzlies,0.0
2022-04-09,Indiana Pacers,0.0,Philadelphia 76ers,0.0
2022-04-10,Utah Jazz,0.0,Portland Trail Blazers,0.0
2022-04-10,Sacramento Kings,0.0,Phoenix Suns,0.0
2022-04-10,Detroit Pistons,0.0,Philadelphia 76ers,0.0
2022-04-10,Miami Heat,0.0,Orlando Magic,0.0
2022-04-10,Toronto Raptors,0.0,New York Knicks,0.0
2022-04-10,Golden State Warriors,0.0,New Orleans Pelicans,0.0
2022-04-10,Chicago Bulls,0.0,Minnesota Timberwolves,0.0
2022-04-10,Boston Celtics,0.0,Memphis Grizzlies,0.0
2022-04-10,Oklahoma City Thunder,0.0,Los Angeles Clippers,0.0
2022-04-10,Atlanta Hawks,0.0,Houston Rockets,0.0
2022-04-10,Los Angeles Lakers,0.0,Denver Nuggets,0.0
2022-04-10,San Antonio Spurs,0.0,Dallas Mavericks,0.0
2022-04-10,Milwaukee Bucks,0.0,Cleveland Cavaliers,0.0
2022-04-10,Washington Wizards,0.0,Charlotte Hornets,0.0
2022-04-10,Indiana Pacers,0.0,Brooklyn Nets,0.0
