DATE,VISITOR,VISITOR_PTS,HOME,HOME_PTS,VISITOR_ABBR,HOME_ABBR
2020-12-22,GOLDEN STATE WARRIORS,99.0,BROOKLYN NETS,125.0,GSW,BRK
2020-12-22,LOS ANGELES CLIPPERS,116.0,LOS ANGELES LAKERS,109.0,LAC,LAL
2020-12-23,CHARLOTTE HORNETS,114.0,CLEVELAND CAVALIERS,121.0,CHO,CLE
2020-12-23,NEW YORK KNICKS,107.0,INDIANA PACERS,121.0,NYK,IND
2020-12-23,MIAMI HEAT,107.0,ORLANDO MAGIC,113.0,MIA,ORL
2020-12-23,WASHINGTON WIZARDS,107.0,PHILADELPHIA 76ERS,113.0,WAS,PHI
2020-12-23,NEW ORLEANS PELICANS,113.0,TORONTO RAPTORS,99.0,NOP,TOR
2020-12-23,MILWAUKEE BUCKS,121.0,BOSTON CELTICS,122.0,MIL,BOS
2020-12-23,ATLANTA HAWKS,124.0,CHICAGO BULLS,104.0,ATL,CHI
2020-12-23,SAN ANTONIO SPURS,131.0,MEMPHIS GRIZZLIES,119.0,SAS,MEM
2020-12-23,DETROIT PISTONS,101.0,MINNESOTA TIMBERWOLVES,111.0,DET,MIN
2020-12-23,SACRAMENTO KINGS,124.0,DENVER NUGGETS,122.0,SAC,DEN
2020-12-23,UTAH JAZZ,120.0,PORTLAND TRAIL BLAZERS,100.0,UTA,POR
2020-12-23,DALLAS MAVERICKS,102.0,PHOENIX SUNS,106.0,DAL,PHO
2020-12-25,NEW ORLEANS PELICANS,98.0,MIAMI HEAT,111.0,NOP,MIA
2020-12-25,GOLDEN STATE WARRIORS,99.0,MILWAUKEE BUCKS,138.0,GSW,MIL
2020-12-25,BROOKLYN NETS,123.0,BOSTON CELTICS,95.0,BRK,BOS
2020-12-25,DALLAS MAVERICKS,115.0,LOS ANGELES LAKERS,138.0,DAL,LAL
2020-12-25,LOS ANGELES CLIPPERS,121.0,DENVER NUGGETS,108.0,LAC,DEN
2020-12-26,ATLANTA HAWKS,122.0,MEMPHIS GRIZZLIES,112.0,ATL,MEM
2020-12-26,OKLAHOMA CITY THUNDER,109.0,CHARLOTTE HORNETS,107.0,OKC,CHO
2020-12-26,CLEVELAND CAVALIERS,128.0,DETROIT PISTONS,119.0,CLE,DET
2020-12-26,ORLANDO MAGIC,130.0,WASHINGTON WIZARDS,120.0,ORL,WAS
2020-12-26,PHILADELPHIA 76ERS,109.0,NEW YORK KNICKS,89.0,PHI,NYK
2020-12-26,INDIANA PACERS,125.0,CHICAGO BULLS,106.0,IND,CHI
2020-12-26,TORONTO RAPTORS,114.0,SAN ANTONIO SPURS,119.0,TOR,SAS
2020-12-26,MINNESOTA TIMBERWOLVES,116.0,UTAH JAZZ,111.0,MIN,UTA
2020-12-26,HOUSTON ROCKETS,126.0,PORTLAND TRAIL BLAZERS,128.0,HOU,POR
2020-12-26,PHOENIX SUNS,103.0,SACRAMENTO KINGS,106.0,PHO,SAC
2020-12-27,DALLAS MAVERICKS,124.0,LOS ANGELES CLIPPERS,73.0,DAL,LAC
2020-12-27,SAN ANTONIO SPURS,95.0,NEW ORLEANS PELICANS,98.0,SAS,NOP
2020-12-27,ORLANDO MAGIC,120.0,WASHINGTON WIZARDS,113.0,ORL,WAS
2020-12-27,BROOKLYN NETS,104.0,CHARLOTTE HORNETS,106.0,BRK,CHO
2020-12-27,PHILADELPHIA 76ERS,94.0,CLEVELAND CAVALIERS,118.0,PHI,CLE
2020-12-27,MILWAUKEE BUCKS,110.0,NEW YORK KNICKS,130.0,MIL,NYK
2020-12-27,BOSTON CELTICS,107.0,INDIANA PACERS,108.0,BOS,IND
2020-12-27,GOLDEN STATE WARRIORS,129.0,CHICAGO BULLS,128.0,GSW,CHI
2020-12-27,PHOENIX SUNS,116.0,SACRAMENTO KINGS,100.0,PHO,SAC
2020-12-27,MINNESOTA TIMBERWOLVES,91.0,LOS ANGELES LAKERS,127.0,MIN,LAL
2020-12-28,MEMPHIS GRIZZLIES,116.0,BROOKLYN NETS,111.0,MEM,BRK
2020-12-28,DETROIT PISTONS,120.0,ATLANTA HAWKS,128.0,DET,ATL
2020-12-28,UTAH JAZZ,110.0,OKLAHOMA CITY THUNDER,109.0,UTA,OKC
2020-12-28,HOUSTON ROCKETS,111.0,DENVER NUGGETS,124.0,HOU,DEN
2020-12-28,PORTLAND TRAIL BLAZERS,115.0,LOS ANGELES LAKERS,107.0,POR,LAL
2020-12-29,NEW YORK KNICKS,95.0,CLEVELAND CAVALIERS,86.0,NYK,CLE
2020-12-29,GOLDEN STATE WARRIORS,116.0,DETROIT PISTONS,106.0,GSW,DET
2020-12-29,BOSTON CELTICS,116.0,INDIANA PACERS,111.0,BOS,IND
2020-12-29,CHICAGO BULLS,115.0,WASHINGTON WIZARDS,107.0,CHI,WAS
2020-12-29,TORONTO RAPTORS,93.0,PHILADELPHIA 76ERS,100.0,TOR,PHI
2020-12-29,MILWAUKEE BUCKS,144.0,MIAMI HEAT,97.0,MIL,MIA
2020-12-29,ORLANDO MAGIC,118.0,OKLAHOMA CITY THUNDER,107.0,ORL,OKC
2020-12-29,NEW ORLEANS PELICANS,86.0,PHOENIX SUNS,111.0,NOP,PHO
2020-12-29,DENVER NUGGETS,115.0,SACRAMENTO KINGS,125.0,DEN,SAC
2020-12-29,MINNESOTA TIMBERWOLVES,101.0,LOS ANGELES CLIPPERS,124.0,MIN,LAC
2020-12-30,MILWAUKEE BUCKS,108.0,MIAMI HEAT,119.0,MIL,MIA
2020-12-30,ATLANTA HAWKS,141.0,BROOKLYN NETS,145.0,ATL,BRK
2020-12-30,MEMPHIS GRIZZLIES,107.0,BOSTON CELTICS,126.0,MEM,BOS
2020-12-30,CHARLOTTE HORNETS,118.0,DALLAS MAVERICKS,99.0,CHO,DAL
2020-12-30,LOS ANGELES LAKERS,121.0,SAN ANTONIO SPURS,107.0,LAL,SAS
2020-12-30,PORTLAND TRAIL BLAZERS,105.0,LOS ANGELES CLIPPERS,128.0,POR,LAC
2020-12-31,CLEVELAND CAVALIERS,99.0,INDIANA PACERS,119.0,CLE,IND
2020-12-31,CHICAGO BULLS,133.0,WASHINGTON WIZARDS,130.0,CHI,WAS
2020-12-31,PHILADELPHIA 76ERS,116.0,ORLANDO MAGIC,92.0,PHI,ORL
2020-12-31,SACRAMENTO KINGS,119.0,HOUSTON ROCKETS,122.0,SAC,HOU
2020-12-31,NEW YORK KNICKS,83.0,TORONTO RAPTORS,100.0,NYK,TOR
2020-12-31,NEW ORLEANS PELICANS,113.0,OKLAHOMA CITY THUNDER,80.0,NOP,OKC
2020-12-31,PHOENIX SUNS,106.0,UTAH JAZZ,95.0,PHO,UTA
2021-01-01,MEMPHIS GRIZZLIES,108.0,CHARLOTTE HORNETS,93.0,MEM,CHO
2021-01-01,MIAMI HEAT,83.0,DALLAS MAVERICKS,93.0,MIA,DAL
2021-01-01,BOSTON CELTICS,93.0,DETROIT PISTONS,96.0,BOS,DET
2021-01-01,ATLANTA HAWKS,114.0,BROOKLYN NETS,96.0,ATL,BRK
2021-01-01,CHICAGO BULLS,96.0,MILWAUKEE BUCKS,126.0,CHI,MIL
2021-01-01,WASHINGTON WIZARDS,130.0,MINNESOTA TIMBERWOLVES,109.0,WAS,MIN
2021-01-01,LOS ANGELES LAKERS,109.0,SAN ANTONIO SPURS,103.0,LAL,SAS
2021-01-01,PHOENIX SUNS,106.0,DENVER NUGGETS,103.0,PHO,DEN
2021-01-01,LOS ANGELES CLIPPERS,100.0,UTAH JAZZ,106.0,LAC,UTA
2021-01-01,PORTLAND TRAIL BLAZERS,123.0,GOLDEN STATE WARRIORS,98.0,POR,GSW
2021-01-02,SACRAMENTO KINGS,94.0,HOUSTON ROCKETS,102.0,SAC,HOU
2021-01-02,NEW YORK KNICKS,106.0,INDIANA PACERS,102.0,NYK,IND
2021-01-02,OKLAHOMA CITY THUNDER,108.0,ORLANDO MAGIC,99.0,OKC,ORL
2021-01-02,CHARLOTTE HORNETS,112.0,PHILADELPHIA 76ERS,127.0,CHO,PHI
2021-01-02,CLEVELAND CAVALIERS,96.0,ATLANTA HAWKS,91.0,CLE,ATL
2021-01-02,TORONTO RAPTORS,116.0,NEW ORLEANS PELICANS,120.0,TOR,NOP
2021-01-03,BOSTON CELTICS,122.0,DETROIT PISTONS,120.0,BOS,DET
2021-01-03,WASHINGTON WIZARDS,123.0,BROOKLYN NETS,122.0,WAS,BRK
2021-01-03,LOS ANGELES LAKERS,108.0,MEMPHIS GRIZZLIES,94.0,LAL,MEM
2021-01-03,DENVER NUGGETS,124.0,MINNESOTA TIMBERWOLVES,109.0,DEN,MIN
2021-01-03,UTAH JAZZ,130.0,SAN ANTONIO SPURS,109.0,UTA,SAS
2021-01-03,DALLAS MAVERICKS,108.0,CHICAGO BULLS,118.0,DAL,CHI
2021-01-03,LOS ANGELES CLIPPERS,112.0,PHOENIX SUNS,107.0,LAC,PHO
2021-01-03,PORTLAND TRAIL BLAZERS,122.0,GOLDEN STATE WARRIORS,137.0,POR,GSW
2021-01-04,CLEVELAND CAVALIERS,83.0,ORLANDO MAGIC,103.0,CLE,ORL
2021-01-04,CHARLOTTE HORNETS,101.0,PHILADELPHIA 76ERS,118.0,CHO,PHI
2021-01-04,NEW YORK KNICKS,113.0,ATLANTA HAWKS,108.0,NYK,ATL
2021-01-04,OKLAHOMA CITY THUNDER,90.0,MIAMI HEAT,118.0,OKC,MIA
2021-01-04,BOSTON CELTICS,126.0,TORONTO RAPTORS,114.0,BOS,TOR
2021-01-04,DALLAS MAVERICKS,113.0,HOUSTON ROCKETS,100.0,DAL,HOU
2021-01-04,DETROIT PISTONS,115.0,MILWAUKEE BUCKS,125.0,DET,MIL
2021-01-04,INDIANA PACERS,118.0,NEW ORLEANS PELICANS,116.0,IND,NOP
2021-01-04,SACRAMENTO KINGS,106.0,GOLDEN STATE WARRIORS,137.0,SAC,GSW
2021-01-05,UTAH JAZZ,96.0,BROOKLYN NETS,130.0,UTA,BRK
2021-01-05,LOS ANGELES LAKERS,94.0,MEMPHIS GRIZZLIES,92.0,LAL,MEM
2021-01-05,MINNESOTA TIMBERWOLVES,116.0,DENVER NUGGETS,123.0,MIN,DEN
2021-01-05,SAN ANTONIO SPURS,116.0,LOS ANGELES CLIPPERS,113.0,SAS,LAC
2021-01-05,CHICAGO BULLS,111.0,PORTLAND TRAIL BLAZERS,108.0,CHI,POR
2021-01-06,HOUSTON ROCKETS,107.0,INDIANA PACERS,114.0,HOU,IND
2021-01-06,CLEVELAND CAVALIERS,94.0,ORLANDO MAGIC,105.0,CLE,ORL
2021-01-06,WASHINGTON WIZARDS,136.0,PHILADELPHIA 76ERS,141.0,WAS,PHI
2021-01-06,CHARLOTTE HORNETS,102.0,ATLANTA HAWKS,94.0,CHO,ATL
2021-01-06,BOSTON CELTICS,107.0,MIAMI HEAT,105.0,BOS,MIA
2021-01-06,UTAH JAZZ,100.0,NEW YORK KNICKS,112.0,UTA,NYK
2021-01-06,DETROIT PISTONS,115.0,MILWAUKEE BUCKS,130.0,DET,MIL
2021-01-06,OKLAHOMA CITY THUNDER,111.0,NEW ORLEANS PELICANS,110.0,OKC,NOP
2021-01-06,TORONTO RAPTORS,115.0,PHOENIX SUNS,123.0,TOR,PHO
2021-01-06,LOS ANGELES CLIPPERS,108.0,GOLDEN STATE WARRIORS,101.0,LAC,GSW
2021-01-06,CHICAGO BULLS,124.0,SACRAMENTO KINGS,128.0,CHI,SAC
2021-01-07,PHILADELPHIA 76ERS,109.0,BROOKLYN NETS,122.0,PHI,BRK
2021-01-07,CLEVELAND CAVALIERS,94.0,MEMPHIS GRIZZLIES,90.0,CLE,MEM
2021-01-07,DALLAS MAVERICKS,124.0,DENVER NUGGETS,117.0,DAL,DEN
2021-01-07,SAN ANTONIO SPURS,118.0,LOS ANGELES LAKERS,109.0,SAS,LAL
2021-01-07,MINNESOTA TIMBERWOLVES,117.0,PORTLAND TRAIL BLAZERS,135.0,MIN,POR
2021-01-08,PHOENIX SUNS,105.0,DETROIT PISTONS,110.0,PHO,DET
2021-01-08,WASHINGTON WIZARDS,107.0,BOSTON CELTICS,116.0,WAS,BOS
2021-01-08,CHARLOTTE HORNETS,118.0,NEW ORLEANS PELICANS,110.0,CHO,NOP
2021-01-08,OKLAHOMA CITY THUNDER,101.0,NEW YORK KNICKS,89.0,OKC,NYK
2021-01-08,ORLANDO MAGIC,90.0,HOUSTON ROCKETS,132.0,ORL,HOU
2021-01-08,BROOKLYN NETS,110.0,MEMPHIS GRIZZLIES,115.0,BRK,MEM
2021-01-08,UTAH JAZZ,131.0,MILWAUKEE BUCKS,118.0,UTA,MIL
2021-01-08,LOS ANGELES CLIPPERS,105.0,GOLDEN STATE WARRIORS,115.0,LAC,GSW
2021-01-08,CHICAGO BULLS,115.0,LOS ANGELES LAKERS,117.0,CHI,LAL
2021-01-08,TORONTO RAPTORS,144.0,SACRAMENTO KINGS,123.0,TOR,SAC
2021-01-09,DENVER NUGGETS,115.0,PHILADELPHIA 76ERS,103.0,DEN,PHI
2021-01-09,ATLANTA HAWKS,105.0,CHARLOTTE HORNETS,113.0,ATL,CHO
2021-01-09,PHOENIX SUNS,125.0,INDIANA PACERS,117.0,PHO,IND
2021-01-09,MIAMI HEAT,128.0,WASHINGTON WIZARDS,124.0,MIA,WAS
2021-01-09,CLEVELAND CAVALIERS,90.0,MILWAUKEE BUCKS,100.0,CLE,MIL
2021-01-09,SAN ANTONIO SPURS,125.0,MINNESOTA TIMBERWOLVES,122.0,SAS,MIN
2021-01-09,ORLANDO MAGIC,98.0,DALLAS MAVERICKS,112.0,ORL,DAL
2021-01-09,PORTLAND TRAIL BLAZERS,125.0,SACRAMENTO KINGS,99.0,POR,SAC
2021-01-10,UTAH JAZZ,96.0,DETROIT PISTONS,86.0,UTA,DET
2021-01-10,CHICAGO BULLS,127.0,LOS ANGELES CLIPPERS,130.0,CHI,LAC
2021-01-10,OKLAHOMA CITY THUNDER,129.0,BROOKLYN NETS,116.0,OKC,BRK
2021-01-10,DENVER NUGGETS,114.0,NEW YORK KNICKS,89.0,DEN,NYK
2021-01-10,LOS ANGELES LAKERS,120.0,HOUSTON ROCKETS,102.0,LAL,HOU
2021-01-10,SAN ANTONIO SPURS,88.0,MINNESOTA TIMBERWOLVES,96.0,SAS,MIN
2021-01-10,TORONTO RAPTORS,105.0,GOLDEN STATE WARRIORS,106.0,TOR,GSW
2021-01-11,NEW YORK KNICKS,88.0,CHARLOTTE HORNETS,109.0,NYK,CHO
2021-01-11,MEMPHIS GRIZZLIES,101.0,CLEVELAND CAVALIERS,91.0,MEM,CLE
2021-01-11,MILWAUKEE BUCKS,121.0,ORLANDO MAGIC,99.0,MIL,ORL
2021-01-11,PHOENIX SUNS,107.0,WASHINGTON WIZARDS,128.0,PHO,WAS
2021-01-11,PHILADELPHIA 76ERS,94.0,ATLANTA HAWKS,112.0,PHI,ATL
2021-01-11,TORONTO RAPTORS,111.0,PORTLAND TRAIL BLAZERS,112.0,TOR,POR
2021-01-11,INDIANA PACERS,122.0,SACRAMENTO KINGS,127.0,IND,SAC
2021-01-12,MIAMI HEAT,134.0,PHILADELPHIA 76ERS,137.0,MIA,PHI
2021-01-12,DENVER NUGGETS,116.0,BROOKLYN NETS,122.0,DEN,BRK
2021-01-12,UTAH JAZZ,117.0,CLEVELAND CAVALIERS,87.0,UTA,CLE
2021-01-12,LOS ANGELES LAKERS,117.0,HOUSTON ROCKETS,100.0,LAL,HOU
2021-01-12,SAN ANTONIO SPURS,112.0,OKLAHOMA CITY THUNDER,102.0,SAS,OKC
2021-01-12,INDIANA PACERS,104.0,GOLDEN STATE WARRIORS,95.0,IND,GSW
2021-01-13,DALLAS MAVERICKS,104.0,CHARLOTTE HORNETS,93.0,DAL,CHO
2021-01-13,MILWAUKEE BUCKS,110.0,DETROIT PISTONS,101.0,MIL,DET
2021-01-13,BROOKLYN NETS,116.0,NEW YORK KNICKS,109.0,BRK,NYK
2021-01-13,MEMPHIS GRIZZLIES,118.0,MINNESOTA TIMBERWOLVES,107.0,MEM,MIN
2021-01-13,LOS ANGELES LAKERS,128.0,OKLAHOMA CITY THUNDER,99.0,LAL,OKC
2021-01-13,NEW ORLEANS PELICANS,106.0,LOS ANGELES CLIPPERS,111.0,NOP,LAC
2021-01-13,PORTLAND TRAIL BLAZERS,132.0,SACRAMENTO KINGS,126.0,POR,SAC
2021-01-14,MIAMI HEAT,108.0,PHILADELPHIA 76ERS,125.0,MIA,PHI
2021-01-14,HOUSTON ROCKETS,109.0,SAN ANTONIO SPURS,105.0,HOU,SAS
2021-01-14,CHARLOTTE HORNETS,108.0,TORONTO RAPTORS,111.0,CHO,TOR
2021-01-14,GOLDEN STATE WARRIORS,104.0,DENVER NUGGETS,114.0,GSW,DEN
2021-01-14,INDIANA PACERS,111.0,PORTLAND TRAIL BLAZERS,87.0,IND,POR
2021-01-15,ORLANDO MAGIC,97.0,BOSTON CELTICS,124.0,ORL,BOS
2021-01-15,NEW YORK KNICKS,103.0,CLEVELAND CAVALIERS,106.0,NYK,CLE
2021-01-15,DALLAS MAVERICKS,109.0,MILWAUKEE BUCKS,112.0,DAL,MIL
2021-01-15,CHICAGO BULLS,125.0,OKLAHOMA CITY THUNDER,127.0,CHI,OKC
2021-01-15,ATLANTA HAWKS,92.0,UTAH JAZZ,116.0,ATL,UTA
2021-01-15,NEW ORLEANS PELICANS,95.0,LOS ANGELES LAKERS,112.0,NOP,LAL
2021-01-15,LOS ANGELES CLIPPERS,138.0,SACRAMENTO KINGS,100.0,LAC,SAC
2021-01-16,HOUSTON ROCKETS,91.0,SAN ANTONIO SPURS,103.0,HOU,SAS
2021-01-16,ORLANDO MAGIC,115.0,BROOKLYN NETS,122.0,ORL,BRK
2021-01-16,CHARLOTTE HORNETS,113.0,TORONTO RAPTORS,116.0,CHO,TOR
2021-01-16,PHILADELPHIA 76ERS,104.0,MEMPHIS GRIZZLIES,106.0,PHI,MEM
2021-01-16,DETROIT PISTONS,120.0,MIAMI HEAT,100.0,DET,MIA
2021-01-16,ATLANTA HAWKS,106.0,PORTLAND TRAIL BLAZERS,112.0,ATL,POR
2021-01-17,NEW YORK KNICKS,105.0,BOSTON CELTICS,75.0,NYK,BOS
2021-01-17,CHICAGO BULLS,117.0,DALLAS MAVERICKS,101.0,CHI,DAL
2021-01-17,UTAH JAZZ,109.0,DENVER NUGGETS,105.0,UTA,DEN
2021-01-17,NEW ORLEANS PELICANS,128.0,SACRAMENTO KINGS,123.0,NOP,SAC
2021-01-17,INDIANA PACERS,96.0,LOS ANGELES CLIPPERS,129.0,IND,LAC
2021-01-18,ORLANDO MAGIC,84.0,NEW YORK KNICKS,91.0,ORL,NYK
2021-01-18,MINNESOTA TIMBERWOLVES,97.0,ATLANTA HAWKS,108.0,MIN,ATL
2021-01-18,SAN ANTONIO SPURS,125.0,PORTLAND TRAIL BLAZERS,104.0,SAS,POR
2021-01-18,PHOENIX SUNS,104.0,MEMPHIS GRIZZLIES,108.0,PHO,MEM
2021-01-18,MILWAUKEE BUCKS,123.0,BROOKLYN NETS,125.0,MIL,BRK
2021-01-18,DALLAS MAVERICKS,93.0,TORONTO RAPTORS,116.0,DAL,TOR
2021-01-18,HOUSTON ROCKETS,120.0,CHICAGO BULLS,125.0,HOU,CHI
2021-01-18,DETROIT PISTONS,107.0,MIAMI HEAT,113.0,DET,MIA
2021-01-18,GOLDEN STATE WARRIORS,115.0,LOS ANGELES LAKERS,113.0,GSW,LAL
2021-01-19,OKLAHOMA CITY THUNDER,101.0,DENVER NUGGETS,119.0,OKC,DEN
2021-01-19,NEW ORLEANS PELICANS,102.0,UTAH JAZZ,118.0,NOP,UTA
2021-01-20,BROOKLYN NETS,135.0,CLEVELAND CAVALIERS,147.0,BRK,CLE
2021-01-20,DALLAS MAVERICKS,124.0,INDIANA PACERS,112.0,DAL,IND
2021-01-20,BOSTON CELTICS,109.0,PHILADELPHIA 76ERS,117.0,BOS,PHI
2021-01-20,DETROIT PISTONS,115.0,ATLANTA HAWKS,123.0,DET,ATL
2021-01-20,MIAMI HEAT,111.0,TORONTO RAPTORS,102.0,MIA,TOR
2021-01-20,ORLANDO MAGIC,97.0,MINNESOTA TIMBERWOLVES,96.0,ORL,MIN
2021-01-20,PHOENIX SUNS,109.0,HOUSTON ROCKETS,103.0,PHO,HOU
2021-01-20,SAN ANTONIO SPURS,99.0,GOLDEN STATE WARRIORS,121.0,SAS,GSW
2021-01-20,SACRAMENTO KINGS,96.0,LOS ANGELES CLIPPERS,115.0,SAC,LAC
2021-01-21,LOS ANGELES LAKERS,113.0,MILWAUKEE BUCKS,106.0,LAL,MIL
2021-01-21,NEW YORK KNICKS,119.0,GOLDEN STATE WARRIORS,104.0,NYK,GSW
2021-01-21,NEW ORLEANS PELICANS,118.0,UTAH JAZZ,129.0,NOP,UTA
2021-01-22,CHICAGO BULLS,123.0,CHARLOTTE HORNETS,110.0,CHI,CHO
2021-01-22,HOUSTON ROCKETS,103.0,DETROIT PISTONS,102.0,HOU,DET
2021-01-22,ORLANDO MAGIC,118.0,INDIANA PACERS,120.0,ORL,IND
2021-01-22,BROOKLYN NETS,113.0,CLEVELAND CAVALIERS,125.0,BRK,CLE
2021-01-22,BOSTON CELTICS,110.0,PHILADELPHIA 76ERS,122.0,BOS,PHI
2021-01-22,MIAMI HEAT,81.0,TORONTO RAPTORS,101.0,MIA,TOR
2021-01-22,ATLANTA HAWKS,116.0,MINNESOTA TIMBERWOLVES,98.0,ATL,MIN
2021-01-22,DALLAS MAVERICKS,122.0,SAN ANTONIO SPURS,117.0,DAL,SAS
2021-01-22,OKLAHOMA CITY THUNDER,106.0,LOS ANGELES CLIPPERS,120.0,OKC,LAC
2021-01-22,DENVER NUGGETS,130.0,PHOENIX SUNS,126.0,DEN,PHO
2021-01-22,NEW YORK KNICKS,94.0,SACRAMENTO KINGS,103.0,NYK,SAC
2021-01-23,MIAMI HEAT,124.0,BROOKLYN NETS,128.0,MIA,BRK
2021-01-23,PHILADELPHIA 76ERS,114.0,DETROIT PISTONS,110.0,PHI,DET
2021-01-23,NEW ORLEANS PELICANS,110.0,MINNESOTA TIMBERWOLVES,120.0,NOP,MIN
2021-01-23,LOS ANGELES LAKERS,101.0,CHICAGO BULLS,90.0,LAL,CHI
2021-01-23,HOUSTON ROCKETS,133.0,DALLAS MAVERICKS,108.0,HOU,DAL
2021-01-23,DENVER NUGGETS,120.0,PHOENIX SUNS,112.0,DEN,PHO
2021-01-23,GOLDEN STATE WARRIORS,108.0,UTAH JAZZ,127.0,GSW,UTA
2021-01-24,TORONTO RAPTORS,107.0,INDIANA PACERS,102.0,TOR,IND
2021-01-24,OKLAHOMA CITY THUNDER,100.0,LOS ANGELES CLIPPERS,108.0,OKC,LAC
2021-01-24,CLEVELAND CAVALIERS,103.0,BOSTON CELTICS,141.0,CLE,BOS
2021-01-24,CHARLOTTE HORNETS,107.0,ORLANDO MAGIC,104.0,CHO,ORL
2021-01-24,ATLANTA HAWKS,115.0,MILWAUKEE BUCKS,129.0,ATL,MIL
2021-01-24,WASHINGTON WIZARDS,101.0,SAN ANTONIO SPURS,121.0,WAS,SAS
2021-01-24,NEW YORK KNICKS,113.0,PORTLAND TRAIL BLAZERS,116.0,NYK,POR
2021-01-25,PHILADELPHIA 76ERS,104.0,DETROIT PISTONS,119.0,PHI,DET
2021-01-25,TORONTO RAPTORS,114.0,INDIANA PACERS,129.0,TOR,IND
2021-01-25,CHARLOTTE HORNETS,108.0,ORLANDO MAGIC,117.0,CHO,ORL
2021-01-25,MIAMI HEAT,85.0,BROOKLYN NETS,98.0,MIA,BRK
2021-01-25,LOS ANGELES LAKERS,115.0,CLEVELAND CAVALIERS,108.0,LAL,CLE
2021-01-25,DENVER NUGGETS,117.0,DALLAS MAVERICKS,113.0,DEN,DAL
2021-01-25,BOSTON CELTICS,119.0,CHICAGO BULLS,103.0,BOS,CHI
2021-01-25,MINNESOTA TIMBERWOLVES,108.0,GOLDEN STATE WARRIORS,130.0,MIN,GSW
2021-01-25,OKLAHOMA CITY THUNDER,125.0,PORTLAND TRAIL BLAZERS,122.0,OKC,POR
2021-01-26,LOS ANGELES CLIPPERS,99.0,ATLANTA HAWKS,108.0,LAC,ATL
2021-01-26,WASHINGTON WIZARDS,88.0,HOUSTON ROCKETS,107.0,WAS,HOU
2021-01-26,NEW YORK KNICKS,94.0,UTAH JAZZ,108.0,NYK,UTA
2021-01-27,INDIANA PACERS,116.0,CHARLOTTE HORNETS,106.0,IND,CHO
2021-01-27,DETROIT PISTONS,107.0,CLEVELAND CAVALIERS,122.0,DET,CLE
2021-01-27,SACRAMENTO KINGS,121.0,ORLANDO MAGIC,107.0,SAC,ORL
2021-01-27,BROOKLYN NETS,132.0,ATLANTA HAWKS,128.0,BRK,ATL
2021-01-27,DENVER NUGGETS,109.0,MIAMI HEAT,82.0,DEN,MIA
2021-01-27,LOS ANGELES LAKERS,106.0,PHILADELPHIA 76ERS,107.0,LAL,PHI
2021-01-27,MILWAUKEE BUCKS,115.0,TORONTO RAPTORS,108.0,MIL,TOR
2021-01-27,BOSTON CELTICS,106.0,SAN ANTONIO SPURS,110.0,BOS,SAS
2021-01-27,WASHINGTON WIZARDS,106.0,NEW ORLEANS PELICANS,124.0,WAS,NOP
2021-01-27,OKLAHOMA CITY THUNDER,102.0,PHOENIX SUNS,97.0,OKC,PHO
2021-01-27,DALLAS MAVERICKS,104.0,UTAH JAZZ,116.0,DAL,UTA
2021-01-27,MINNESOTA TIMBERWOLVES,111.0,GOLDEN STATE WARRIORS,123.0,MIN,GSW
2021-01-28,PORTLAND TRAIL BLAZERS,101.0,HOUSTON ROCKETS,104.0,POR,HOU
2021-01-28,LOS ANGELES LAKERS,92.0,DETROIT PISTONS,107.0,LAL,DET
2021-01-28,LOS ANGELES CLIPPERS,109.0,MIAMI HEAT,105.0,LAC,MIA
2021-01-28,GOLDEN STATE WARRIORS,93.0,PHOENIX SUNS,114.0,GSW,PHO
2021-01-29,INDIANA PACERS,105.0,CHARLOTTE HORNETS,108.0,IND,CHO
2021-01-29,ATLANTA HAWKS,116.0,WASHINGTON WIZARDS,100.0,ATL,WAS
2021-01-29,MILWAUKEE BUCKS,126.0,NEW ORLEANS PELICANS,131.0,MIL,NOP
2021-01-29,CLEVELAND CAVALIERS,81.0,NEW YORK KNICKS,102.0,CLE,NYK
2021-01-29,SACRAMENTO KINGS,126.0,TORONTO RAPTORS,124.0,SAC,TOR
2021-01-29,PHILADELPHIA 76ERS,118.0,MINNESOTA TIMBERWOLVES,94.0,PHI,MIN
2021-01-29,BROOKLYN NETS,147.0,OKLAHOMA CITY THUNDER,125.0,BRK,OKC
2021-01-29,LOS ANGELES CLIPPERS,116.0,ORLANDO MAGIC,90.0,LAC,ORL
2021-01-29,DENVER NUGGETS,109.0,SAN ANTONIO SPURS,119.0,DEN,SAS
2021-01-29,DALLAS MAVERICKS,101.0,UTAH JAZZ,120.0,DAL,UTA
2021-01-30,PORTLAND TRAIL BLAZERS,123.0,CHICAGO BULLS,122.0,POR,CHI
2021-01-30,MILWAUKEE BUCKS,114.0,CHARLOTTE HORNETS,126.0,MIL,CHO
2021-01-30,SACRAMENTO KINGS,104.0,MIAMI HEAT,105.0,SAC,MIA
2021-01-30,HOUSTON ROCKETS,126.0,NEW ORLEANS PELICANS,112.0,HOU,NOP
2021-01-30,LOS ANGELES LAKERS,96.0,BOSTON CELTICS,95.0,LAL,BOS
2021-01-30,MEMPHIS GRIZZLIES,129.0,SAN ANTONIO SPURS,112.0,MEM,SAS
2021-01-30,PHOENIX SUNS,111.0,DALLAS MAVERICKS,105.0,PHO,DAL
2021-01-30,DETROIT PISTONS,91.0,GOLDEN STATE WARRIORS,118.0,DET,GSW
2021-01-31,LOS ANGELES CLIPPERS,129.0,NEW YORK KNICKS,115.0,LAC,NYK
2021-01-31,UTAH JAZZ,117.0,DENVER NUGGETS,128.0,UTA,DEN
2021-01-31,PHILADELPHIA 76ERS,119.0,INDIANA PACERS,110.0,PHI,IND
2021-01-31,ORLANDO MAGIC,102.0,TORONTO RAPTORS,115.0,ORL,TOR
2021-01-31,BROOKLYN NETS,146.0,WASHINGTON WIZARDS,149.0,BRK,WAS
2021-01-31,CLEVELAND CAVALIERS,104.0,MINNESOTA TIMBERWOLVES,109.0,CLE,MIN
2021-02-01,LOS ANGELES LAKERS,107.0,ATLANTA HAWKS,99.0,LAL,ATL
2021-02-01,CHARLOTTE HORNETS,129.0,MIAMI HEAT,121.0,CHO,MIA
2021-02-01,NEW YORK KNICKS,102.0,CHICAGO BULLS,110.0,NYK,CHI
2021-02-01,MINNESOTA TIMBERWOLVES,98.0,CLEVELAND CAVALIERS,100.0,MIN,CLE
2021-02-01,PORTLAND TRAIL BLAZERS,106.0,MILWAUKEE BUCKS,134.0,POR,MIL
2021-02-01,SACRAMENTO KINGS,118.0,NEW ORLEANS PELICANS,109.0,SAC,NOP
2021-02-01,HOUSTON ROCKETS,136.0,OKLAHOMA CITY THUNDER,106.0,HOU,OKC
2021-02-01,PHOENIX SUNS,109.0,DALLAS MAVERICKS,108.0,PHO,DAL
2021-02-01,MEMPHIS GRIZZLIES,133.0,SAN ANTONIO SPURS,102.0,MEM,SAS
2021-02-02,TORONTO RAPTORS,0.0,ORLANDO MAGIC,0.0,TOR,ORL
2021-02-02,LOS ANGELES CLIPPERS,0.0,BROOKLYN NETS,0.0,LAC,BRK
2021-02-02,MEMPHIS GRIZZLIES,0.0,INDIANA PACERS,0.0,MEM,IND
2021-02-02,PORTLAND TRAIL BLAZERS,0.0,WASHINGTON WIZARDS,0.0,POR,WAS
2021-02-02,BOSTON CELTICS,0.0,GOLDEN STATE WARRIORS,0.0,BOS,GSW
2021-02-02,DETROIT PISTONS,0.0,UTAH JAZZ,0.0,DET,UTA
2021-02-03,PHILADELPHIA 76ERS,0.0,CHARLOTTE HORNETS,0.0,PHI,CHO
2021-02-03,INDIANA PACERS,0.0,MILWAUKEE BUCKS,0.0,IND,MIL
2021-02-03,DALLAS MAVERICKS,0.0,ATLANTA HAWKS,0.0,DAL,ATL
2021-02-03,NEW YORK KNICKS,0.0,CHICAGO BULLS,0.0,NYK,CHI
2021-02-03,LOS ANGELES CLIPPERS,0.0,CLEVELAND CAVALIERS,0.0,LAC,CLE
2021-02-03,WASHINGTON WIZARDS,0.0,MIAMI HEAT,0.0,WAS,MIA
2021-02-03,HOUSTON ROCKETS,0.0,OKLAHOMA CITY THUNDER,0.0,HOU,OKC
2021-02-03,MINNESOTA TIMBERWOLVES,0.0,SAN ANTONIO SPURS,0.0,MIN,SAS
2021-02-03,PHOENIX SUNS,0.0,NEW ORLEANS PELICANS,0.0,PHO,NOP
2021-02-03,BOSTON CELTICS,0.0,SACRAMENTO KINGS,0.0,BOS,SAC
2021-02-04,UTAH JAZZ,0.0,ATLANTA HAWKS,0.0,UTA,ATL
2021-02-04,GOLDEN STATE WARRIORS,0.0,DALLAS MAVERICKS,0.0,GSW,DAL
2021-02-04,PORTLAND TRAIL BLAZERS,0.0,PHILADELPHIA 76ERS,0.0,POR,PHI
2021-02-04,HOUSTON ROCKETS,0.0,MEMPHIS GRIZZLIES,0.0,HOU,MEM
2021-02-04,DENVER NUGGETS,0.0,LOS ANGELES LAKERS,0.0,DEN,LAL
2021-02-05,NEW ORLEANS PELICANS,0.0,INDIANA PACERS,0.0,NOP,IND
2021-02-05,CHICAGO BULLS,0.0,ORLANDO MAGIC,0.0,CHI,ORL
2021-02-05,TORONTO RAPTORS,0.0,BROOKLYN NETS,0.0,TOR,BRK
2021-02-05,MILWAUKEE BUCKS,0.0,CLEVELAND CAVALIERS,0.0,MIL,CLE
2021-02-05,UTAH JAZZ,0.0,CHARLOTTE HORNETS,0.0,UTA,CHO
2021-02-05,WASHINGTON WIZARDS,0.0,MIAMI HEAT,0.0,WAS,MIA
2021-02-05,MINNESOTA TIMBERWOLVES,0.0,OKLAHOMA CITY THUNDER,0.0,MIN,OKC
2021-02-05,DETROIT PISTONS,0.0,PHOENIX SUNS,0.0,DET,PHO
2021-02-05,BOSTON CELTICS,0.0,LOS ANGELES CLIPPERS,0.0,BOS,LAC
2021-02-06,PORTLAND TRAIL BLAZERS,0.0,NEW YORK KNICKS,0.0,POR,NYK
2021-02-06,DENVER NUGGETS,0.0,SACRAMENTO KINGS,0.0,DEN,SAC
2021-02-06,CHICAGO BULLS,0.0,ORLANDO MAGIC,0.0,CHI,ORL
2021-02-06,TORONTO RAPTORS,0.0,ATLANTA HAWKS,0.0,TOR,ATL
2021-02-06,MILWAUKEE BUCKS,0.0,CLEVELAND CAVALIERS,0.0,MIL,CLE
2021-02-06,SAN ANTONIO SPURS,0.0,HOUSTON ROCKETS,0.0,SAS,HOU
2021-02-06,MINNESOTA TIMBERWOLVES,0.0,OKLAHOMA CITY THUNDER,0.0,MIN,OKC
2021-02-06,BROOKLYN NETS,0.0,PHILADELPHIA 76ERS,0.0,BRK,PHI
2021-02-06,GOLDEN STATE WARRIORS,0.0,DALLAS MAVERICKS,0.0,GSW,DAL
2021-02-06,MEMPHIS GRIZZLIES,0.0,NEW ORLEANS PELICANS,0.0,MEM,NOP
2021-02-06,DETROIT PISTONS,0.0,LOS ANGELES LAKERS,0.0,DET,LAL
2021-02-07,WASHINGTON WIZARDS,0.0,CHARLOTTE HORNETS,0.0,WAS,CHO
2021-02-07,UTAH JAZZ,0.0,INDIANA PACERS,0.0,UTA,IND
2021-02-07,MIAMI HEAT,0.0,NEW YORK KNICKS,0.0,MIA,NYK
2021-02-07,BOSTON CELTICS,0.0,PHOENIX SUNS,0.0,BOS,PHO
2021-02-07,SACRAMENTO KINGS,0.0,LOS ANGELES CLIPPERS,0.0,SAC,LAC
2021-02-08,HOUSTON ROCKETS,0.0,CHARLOTTE HORNETS,0.0,HOU,CHO
2021-02-08,WASHINGTON WIZARDS,0.0,CHICAGO BULLS,0.0,WAS,CHI
2021-02-08,TORONTO RAPTORS,0.0,MEMPHIS GRIZZLIES,0.0,TOR,MEM
2021-02-08,MINNESOTA TIMBERWOLVES,0.0,DALLAS MAVERICKS,0.0,MIN,DAL
2021-02-08,GOLDEN STATE WARRIORS,0.0,SAN ANTONIO SPURS,0.0,GSW,SAS
2021-02-08,CLEVELAND CAVALIERS,0.0,PHOENIX SUNS,0.0,CLE,PHO
2021-02-08,MILWAUKEE BUCKS,0.0,DENVER NUGGETS,0.0,MIL,DEN
2021-02-08,OKLAHOMA CITY THUNDER,0.0,LOS ANGELES LAKERS,0.0,OKC,LAL
2021-02-09,BROOKLYN NETS,0.0,DETROIT PISTONS,0.0,BRK,DET
2021-02-09,NEW YORK KNICKS,0.0,MIAMI HEAT,0.0,NYK,MIA
2021-02-09,HOUSTON ROCKETS,0.0,NEW ORLEANS PELICANS,0.0,HOU,NOP
2021-02-09,GOLDEN STATE WARRIORS,0.0,SAN ANTONIO SPURS,0.0,GSW,SAS
2021-02-09,ORLANDO MAGIC,0.0,PORTLAND TRAIL BLAZERS,0.0,ORL,POR
2021-02-09,PHILADELPHIA 76ERS,0.0,SACRAMENTO KINGS,0.0,PHI,SAC
2021-02-09,BOSTON CELTICS,0.0,UTAH JAZZ,0.0,BOS,UTA
2021-02-10,TORONTO RAPTORS,0.0,WASHINGTON WIZARDS,0.0,TOR,WAS
2021-02-10,ATLANTA HAWKS,0.0,DALLAS MAVERICKS,0.0,ATL,DAL
2021-02-10,INDIANA PACERS,0.0,BROOKLYN NETS,0.0,IND,BRK
2021-02-10,CHARLOTTE HORNETS,0.0,MEMPHIS GRIZZLIES,0.0,CHO,MEM
2021-02-10,LOS ANGELES CLIPPERS,0.0,MINNESOTA TIMBERWOLVES,0.0,LAC,MIN
2021-02-10,NEW ORLEANS PELICANS,0.0,CHICAGO BULLS,0.0,NOP,CHI
2021-02-10,CLEVELAND CAVALIERS,0.0,DENVER NUGGETS,0.0,CLE,DEN
2021-02-10,OKLAHOMA CITY THUNDER,0.0,LOS ANGELES LAKERS,0.0,OKC,LAL
2021-02-10,MILWAUKEE BUCKS,0.0,PHOENIX SUNS,0.0,MIL,PHO
2021-02-11,TORONTO RAPTORS,0.0,BOSTON CELTICS,0.0,TOR,BOS
2021-02-11,MIAMI HEAT,0.0,HOUSTON ROCKETS,0.0,MIA,HOU
2021-02-11,INDIANA PACERS,0.0,DETROIT PISTONS,0.0,IND,DET
2021-02-11,ORLANDO MAGIC,0.0,GOLDEN STATE WARRIORS,0.0,ORL,GSW
2021-02-11,PHILADELPHIA 76ERS,0.0,PORTLAND TRAIL BLAZERS,0.0,PHI,POR
2021-02-12,DETROIT PISTONS,0.0,BOSTON CELTICS,0.0,DET,BOS
2021-02-12,MINNESOTA TIMBERWOLVES,0.0,CHARLOTTE HORNETS,0.0,MIN,CHO
2021-02-12,NEW YORK KNICKS,0.0,WASHINGTON WIZARDS,0.0,NYK,WAS
2021-02-12,SAN ANTONIO SPURS,0.0,ATLANTA HAWKS,0.0,SAS,ATL
2021-02-12,NEW ORLEANS PELICANS,0.0,DALLAS MAVERICKS,0.0,NOP,DAL
2021-02-12,LOS ANGELES CLIPPERS,0.0,CHICAGO BULLS,0.0,LAC,CHI
2021-02-12,OKLAHOMA CITY THUNDER,0.0,DENVER NUGGETS,0.0,OKC,DEN
2021-02-12,MILWAUKEE BUCKS,0.0,UTAH JAZZ,0.0,MIL,UTA
2021-02-12,MEMPHIS GRIZZLIES,0.0,LOS ANGELES LAKERS,0.0,MEM,LAL
2021-02-12,CLEVELAND CAVALIERS,0.0,PORTLAND TRAIL BLAZERS,0.0,CLE,POR
2021-02-12,ORLANDO MAGIC,0.0,SACRAMENTO KINGS,0.0,ORL,SAC
2021-02-13,PHILADELPHIA 76ERS,0.0,PHOENIX SUNS,0.0,PHI,PHO
2021-02-13,INDIANA PACERS,0.0,ATLANTA HAWKS,0.0,IND,ATL
2021-02-13,HOUSTON ROCKETS,0.0,NEW YORK KNICKS,0.0,HOU,NYK
2021-02-13,BROOKLYN NETS,0.0,GOLDEN STATE WARRIORS,0.0,BRK,GSW
2021-02-13,MIAMI HEAT,0.0,UTAH JAZZ,0.0,MIA,UTA
2021-02-14,BOSTON CELTICS,0.0,WASHINGTON WIZARDS,0.0,BOS,WAS
2021-02-14,PORTLAND TRAIL BLAZERS,0.0,DALLAS MAVERICKS,0.0,POR,DAL
2021-02-14,MINNESOTA TIMBERWOLVES,0.0,TORONTO RAPTORS,0.0,MIN,TOR
2021-02-14,SAN ANTONIO SPURS,0.0,CHARLOTTE HORNETS,0.0,SAS,CHO
2021-02-14,NEW ORLEANS PELICANS,0.0,DETROIT PISTONS,0.0,NOP,DET
2021-02-14,MILWAUKEE BUCKS,0.0,OKLAHOMA CITY THUNDER,0.0,MIL,OKC
2021-02-14,LOS ANGELES LAKERS,0.0,DENVER NUGGETS,0.0,LAL,DEN
2021-02-14,ORLANDO MAGIC,0.0,PHOENIX SUNS,0.0,ORL,PHO
2021-02-14,MEMPHIS GRIZZLIES,0.0,SACRAMENTO KINGS,0.0,MEM,SAC
2021-02-14,CLEVELAND CAVALIERS,0.0,LOS ANGELES CLIPPERS,0.0,CLE,LAC
2021-02-15,CHICAGO BULLS,0.0,INDIANA PACERS,0.0,CHI,IND
2021-02-15,HOUSTON ROCKETS,0.0,WASHINGTON WIZARDS,0.0,HOU,WAS
2021-02-15,ATLANTA HAWKS,0.0,NEW YORK KNICKS,0.0,ATL,NYK
2021-02-15,PHILADELPHIA 76ERS,0.0,UTAH JAZZ,0.0,PHI,UTA
2021-02-15,CLEVELAND CAVALIERS,0.0,GOLDEN STATE WARRIORS,0.0,CLE,GSW
2021-02-15,MIAMI HEAT,0.0,LOS ANGELES CLIPPERS,0.0,MIA,LAC
2021-02-15,BROOKLYN NETS,0.0,SACRAMENTO KINGS,0.0,BRK,SAC
2021-02-16,DENVER NUGGETS,0.0,BOSTON CELTICS,0.0,DEN,BOS
2021-02-16,SAN ANTONIO SPURS,0.0,DETROIT PISTONS,0.0,SAS,DET
2021-02-16,NEW ORLEANS PELICANS,0.0,MEMPHIS GRIZZLIES,0.0,NOP,MEM
2021-02-16,TORONTO RAPTORS,0.0,MILWAUKEE BUCKS,0.0,TOR,MIL
2021-02-16,LOS ANGELES LAKERS,0.0,MINNESOTA TIMBERWOLVES,0.0,LAL,MIN
2021-02-16,PORTLAND TRAIL BLAZERS,0.0,OKLAHOMA CITY THUNDER,0.0,POR,OKC
2021-02-16,BROOKLYN NETS,0.0,PHOENIX SUNS,0.0,BRK,PHO
2021-02-17,CHICAGO BULLS,0.0,CHARLOTTE HORNETS,0.0,CHI,CHO
2021-02-17,SAN ANTONIO SPURS,0.0,CLEVELAND CAVALIERS,0.0,SAS,CLE
2021-02-17,NEW YORK KNICKS,0.0,ORLANDO MAGIC,0.0,NYK,ORL
2021-02-17,DENVER NUGGETS,0.0,WASHINGTON WIZARDS,0.0,DEN,WAS
2021-02-17,ATLANTA HAWKS,0.0,BOSTON CELTICS,0.0,ATL,BOS
2021-02-17,HOUSTON ROCKETS,0.0,PHILADELPHIA 76ERS,0.0,HOU,PHI
2021-02-17,INDIANA PACERS,0.0,MINNESOTA TIMBERWOLVES,0.0,IND,MIN
2021-02-17,PORTLAND TRAIL BLAZERS,0.0,NEW ORLEANS PELICANS,0.0,POR,NOP
2021-02-17,DETROIT PISTONS,0.0,DALLAS MAVERICKS,0.0,DET,DAL
2021-02-17,OKLAHOMA CITY THUNDER,0.0,MEMPHIS GRIZZLIES,0.0,OKC,MEM
2021-02-17,MIAMI HEAT,0.0,GOLDEN STATE WARRIORS,0.0,MIA,GSW
2021-02-17,UTAH JAZZ,0.0,LOS ANGELES CLIPPERS,0.0,UTA,LAC
2021-02-18,TORONTO RAPTORS,0.0,MILWAUKEE BUCKS,0.0,TOR,MIL
2021-02-18,BROOKLYN NETS,0.0,LOS ANGELES LAKERS,0.0,BRK,LAL
2021-02-18,MIAMI HEAT,0.0,SACRAMENTO KINGS,0.0,MIA,SAC
2021-02-19,DENVER NUGGETS,0.0,CHARLOTTE HORNETS,0.0,DEN,CHO
2021-02-19,GOLDEN STATE WARRIORS,0.0,ORLANDO MAGIC,0.0,GSW,ORL
2021-02-19,CHICAGO BULLS,0.0,PHILADELPHIA 76ERS,0.0,CHI,PHI
2021-02-19,ATLANTA HAWKS,0.0,BOSTON CELTICS,0.0,ATL,BOS
2021-02-19,DETROIT PISTONS,0.0,MEMPHIS GRIZZLIES,0.0,DET,MEM
2021-02-19,OKLAHOMA CITY THUNDER,0.0,MILWAUKEE BUCKS,0.0,OKC,MIL
2021-02-19,TORONTO RAPTORS,0.0,MINNESOTA TIMBERWOLVES,0.0,TOR,MIN
2021-02-19,PHOENIX SUNS,0.0,NEW ORLEANS PELICANS,0.0,PHO,NOP
2021-02-19,DALLAS MAVERICKS,0.0,HOUSTON ROCKETS,0.0,DAL,HOU
2021-02-19,UTAH JAZZ,0.0,LOS ANGELES CLIPPERS,0.0,UTA,LAC
2021-02-20,SAN ANTONIO SPURS,0.0,NEW YORK KNICKS,0.0,SAS,NYK
2021-02-20,GOLDEN STATE WARRIORS,0.0,CHARLOTTE HORNETS,0.0,GSW,CHO
2021-02-20,SACRAMENTO KINGS,0.0,CHICAGO BULLS,0.0,SAC,CHI
2021-02-20,INDIANA PACERS,0.0,HOUSTON ROCKETS,0.0,IND,HOU
2021-02-20,PHOENIX SUNS,0.0,MEMPHIS GRIZZLIES,0.0,PHO,MEM
2021-02-20,MIAMI HEAT,0.0,LOS ANGELES LAKERS,0.0,MIA,LAL
2021-02-20,WASHINGTON WIZARDS,0.0,PORTLAND TRAIL BLAZERS,0.0,WAS,POR
2021-02-21,BOSTON CELTICS,0.0,NEW ORLEANS PELICANS,0.0,BOS,NOP
2021-02-21,OKLAHOMA CITY THUNDER,0.0,CLEVELAND CAVALIERS,0.0,OKC,CLE
2021-02-21,DETROIT PISTONS,0.0,ORLANDO MAGIC,0.0,DET,ORL
2021-02-21,PHILADELPHIA 76ERS,0.0,TORONTO RAPTORS,0.0,PHI,TOR
2021-02-21,MINNESOTA TIMBERWOLVES,0.0,NEW YORK KNICKS,0.0,MIN,NYK
2021-02-21,DENVER NUGGETS,0.0,ATLANTA HAWKS,0.0,DEN,ATL
2021-02-21,BROOKLYN NETS,0.0,LOS ANGELES CLIPPERS,0.0,BRK,LAC
2021-02-21,SACRAMENTO KINGS,0.0,MILWAUKEE BUCKS,0.0,SAC,MIL
2021-02-22,SAN ANTONIO SPURS,0.0,INDIANA PACERS,0.0,SAS,IND
2021-02-22,CHICAGO BULLS,0.0,HOUSTON ROCKETS,0.0,CHI,HOU
2021-02-22,MIAMI HEAT,0.0,OKLAHOMA CITY THUNDER,0.0,MIA,OKC
2021-02-22,MEMPHIS GRIZZLIES,0.0,DALLAS MAVERICKS,0.0,MEM,DAL
2021-02-22,PORTLAND TRAIL BLAZERS,0.0,PHOENIX SUNS,0.0,POR,PHO
2021-02-22,CHARLOTTE HORNETS,0.0,UTAH JAZZ,0.0,CHO,UTA
2021-02-22,WASHINGTON WIZARDS,0.0,LOS ANGELES LAKERS,0.0,WAS,LAL
2021-02-23,ATLANTA HAWKS,0.0,CLEVELAND CAVALIERS,0.0,ATL,CLE
2021-02-23,DETROIT PISTONS,0.0,ORLANDO MAGIC,0.0,DET,ORL
2021-02-23,SACRAMENTO KINGS,0.0,BROOKLYN NETS,0.0,SAC,BRK
2021-02-23,BOSTON CELTICS,0.0,DALLAS MAVERICKS,0.0,BOS,DAL
2021-02-23,GOLDEN STATE WARRIORS,0.0,NEW YORK KNICKS,0.0,GSW,NYK
2021-02-23,PHILADELPHIA 76ERS,0.0,TORONTO RAPTORS,0.0,PHI,TOR
2021-02-23,MINNESOTA TIMBERWOLVES,0.0,MILWAUKEE BUCKS,0.0,MIN,MIL
2021-02-23,PORTLAND TRAIL BLAZERS,0.0,DENVER NUGGETS,0.0,POR,DEN
2021-02-23,WASHINGTON WIZARDS,0.0,LOS ANGELES CLIPPERS,0.0,WAS,LAC
2021-02-24,GOLDEN STATE WARRIORS,0.0,INDIANA PACERS,0.0,GSW,IND
2021-02-24,BOSTON CELTICS,0.0,ATLANTA HAWKS,0.0,BOS,ATL
2021-02-24,HOUSTON ROCKETS,0.0,CLEVELAND CAVALIERS,0.0,HOU,CLE
2021-02-24,TORONTO RAPTORS,0.0,MIAMI HEAT,0.0,TOR,MIA
2021-02-24,MINNESOTA TIMBERWOLVES,0.0,CHICAGO BULLS,0.0,MIN,CHI
2021-02-24,DETROIT PISTONS,0.0,NEW ORLEANS PELICANS,0.0,DET,NOP
2021-02-24,SAN ANTONIO SPURS,0.0,OKLAHOMA CITY THUNDER,0.0,SAS,OKC
2021-02-24,CHARLOTTE HORNETS,0.0,PHOENIX SUNS,0.0,CHO,PHO
2021-02-24,LOS ANGELES LAKERS,0.0,UTAH JAZZ,0.0,LAL,UTA
2021-02-25,DALLAS MAVERICKS,0.0,PHILADELPHIA 76ERS,0.0,DAL,PHI
2021-02-25,ORLANDO MAGIC,0.0,BROOKLYN NETS,0.0,ORL,BRK
2021-02-25,SACRAMENTO KINGS,0.0,NEW YORK KNICKS,0.0,SAC,NYK
2021-02-25,LOS ANGELES CLIPPERS,0.0,MEMPHIS GRIZZLIES,0.0,LAC,MEM
2021-02-25,WASHINGTON WIZARDS,0.0,DENVER NUGGETS,0.0,WAS,DEN
2021-02-25,NEW ORLEANS PELICANS,0.0,MILWAUKEE BUCKS,0.0,NOP,MIL
2021-02-26,SACRAMENTO KINGS,0.0,DETROIT PISTONS,0.0,SAC,DET
2021-02-26,INDIANA PACERS,0.0,BOSTON CELTICS,0.0,IND,BOS
2021-02-26,HOUSTON ROCKETS,0.0,TORONTO RAPTORS,0.0,HOU,TOR
2021-02-26,PHOENIX SUNS,0.0,CHICAGO BULLS,0.0,PHO,CHI
2021-02-26,LOS ANGELES CLIPPERS,0.0,MEMPHIS GRIZZLIES,0.0,LAC,MEM
2021-02-26,UTAH JAZZ,0.0,MIAMI HEAT,0.0,UTA,MIA
2021-02-26,ATLANTA HAWKS,0.0,OKLAHOMA CITY THUNDER,0.0,ATL,OKC
2021-02-26,CHARLOTTE HORNETS,0.0,GOLDEN STATE WARRIORS,0.0,CHO,GSW
2021-02-26,PORTLAND TRAIL BLAZERS,0.0,LOS ANGELES LAKERS,0.0,POR,LAL
2021-02-27,CLEVELAND CAVALIERS,0.0,PHILADELPHIA 76ERS,0.0,CLE,PHI
2021-02-27,NEW ORLEANS PELICANS,0.0,SAN ANTONIO SPURS,0.0,NOP,SAS
2021-02-27,INDIANA PACERS,0.0,NEW YORK KNICKS,0.0,IND,NYK
2021-02-27,UTAH JAZZ,0.0,ORLANDO MAGIC,0.0,UTA,ORL
2021-02-27,MINNESOTA TIMBERWOLVES,0.0,WASHINGTON WIZARDS,0.0,MIN,WAS
2021-02-27,DENVER NUGGETS,0.0,OKLAHOMA CITY THUNDER,0.0,DEN,OKC
2021-02-27,DALLAS MAVERICKS,0.0,BROOKLYN NETS,0.0,DAL,BRK
2021-02-28,LOS ANGELES CLIPPERS,0.0,MILWAUKEE BUCKS,0.0,LAC,MIL
2021-02-28,NEW YORK KNICKS,0.0,DETROIT PISTONS,0.0,NYK,DET
2021-02-28,ATLANTA HAWKS,0.0,MIAMI HEAT,0.0,ATL,MIA
2021-02-28,CHICAGO BULLS,0.0,TORONTO RAPTORS,0.0,CHI,TOR
2021-02-28,WASHINGTON WIZARDS,0.0,BOSTON CELTICS,0.0,WAS,BOS
2021-02-28,MEMPHIS GRIZZLIES,0.0,HOUSTON ROCKETS,0.0,MEM,HOU
2021-02-28,GOLDEN STATE WARRIORS,0.0,LOS ANGELES LAKERS,0.0,GSW,LAL
2021-02-28,PHOENIX SUNS,0.0,MINNESOTA TIMBERWOLVES,0.0,PHO,MIN
2021-02-28,CHARLOTTE HORNETS,0.0,SACRAMENTO KINGS,0.0,CHO,SAC
2021-03-01,DALLAS MAVERICKS,0.0,ORLANDO MAGIC,0.0,DAL,ORL
2021-03-01,INDIANA PACERS,0.0,PHILADELPHIA 76ERS,0.0,IND,PHI
2021-03-01,CLEVELAND CAVALIERS,0.0,HOUSTON ROCKETS,0.0,CLE,HOU
2021-03-01,UTAH JAZZ,0.0,NEW ORLEANS PELICANS,0.0,UTA,NOP
2021-03-01,DENVER NUGGETS,0.0,CHICAGO BULLS,0.0,DEN,CHI
2021-03-01,BROOKLYN NETS,0.0,SAN ANTONIO SPURS,0.0,BRK,SAS
2021-03-01,CHARLOTTE HORNETS,0.0,PORTLAND TRAIL BLAZERS,0.0,CHO,POR
2021-03-02,MEMPHIS GRIZZLIES,0.0,WASHINGTON WIZARDS,0.0,MEM,WAS
2021-03-02,LOS ANGELES CLIPPERS,0.0,BOSTON CELTICS,0.0,LAC,BOS
2021-03-02,ATLANTA HAWKS,0.0,MIAMI HEAT,0.0,ATL,MIA
2021-03-02,DETROIT PISTONS,0.0,TORONTO RAPTORS,0.0,DET,TOR
2021-03-02,DENVER NUGGETS,0.0,MILWAUKEE BUCKS,0.0,DEN,MIL
2021-03-02,NEW YORK KNICKS,0.0,SAN ANTONIO SPURS,0.0,NYK,SAS
2021-03-02,PHOENIX SUNS,0.0,LOS ANGELES LAKERS,0.0,PHO,LAL
2021-03-03,INDIANA PACERS,0.0,CLEVELAND CAVALIERS,0.0,IND,CLE
2021-03-03,ATLANTA HAWKS,0.0,ORLANDO MAGIC,0.0,ATL,ORL
2021-03-03,UTAH JAZZ,0.0,PHILADELPHIA 76ERS,0.0,UTA,PHI
2021-03-03,BROOKLYN NETS,0.0,HOUSTON ROCKETS,0.0,BRK,HOU
2021-03-03,CHARLOTTE HORNETS,0.0,MINNESOTA TIMBERWOLVES,0.0,CHO,MIN
2021-03-03,CHICAGO BULLS,0.0,NEW ORLEANS PELICANS,0.0,CHI,NOP
2021-03-03,OKLAHOMA CITY THUNDER,0.0,DALLAS MAVERICKS,0.0,OKC,DAL
2021-03-03,GOLDEN STATE WARRIORS,0.0,PORTLAND TRAIL BLAZERS,0.0,GSW,POR
2021-03-03,LOS ANGELES LAKERS,0.0,SACRAMENTO KINGS,0.0,LAL,SAC
2021-03-04,TORONTO RAPTORS,0.0,BOSTON CELTICS,0.0,TOR,BOS
2021-03-04,DENVER NUGGETS,0.0,INDIANA PACERS,0.0,DEN,IND
2021-03-04,LOS ANGELES CLIPPERS,0.0,WASHINGTON WIZARDS,0.0,LAC,WAS
2021-03-04,MILWAUKEE BUCKS,0.0,MEMPHIS GRIZZLIES,0.0,MIL,MEM
2021-03-04,OKLAHOMA CITY THUNDER,0.0,SAN ANTONIO SPURS,0.0,OKC,SAS
2021-03-04,MIAMI HEAT,0.0,NEW ORLEANS PELICANS,0.0,MIA,NOP
2021-03-04,GOLDEN STATE WARRIORS,0.0,PHOENIX SUNS,0.0,GSW,PHO
2021-03-04,SACRAMENTO KINGS,0.0,PORTLAND TRAIL BLAZERS,0.0,SAC,POR
